id,domain,status,purchase_price,renewal_price,attractiveness,demand,length,registrar,created_at,expires_at,status_verified_at
ce480e00-3608-48f3-9c29-542d42127c4e,shots.market,available,46.98,55.98,medium,low,5,namecheap,,,20/09/2026 00:10
e94f6562-ac09-45bd-9ea5-d05e10a8bd9d,myspace.market,available,,,high,medium,7,,,,
16145913-158e-413e-8799-75b778c24240,ardeb.market,available,46.98,55.98,medium,low,5,namecheap,,,20/09/2026 03:06
d0c83bf3-e894-40f2-a2d0-6c63044c77ec,cola.market,available,46.98,55.98,high,low,4,namecheap,,,24/09/2026 16:17
fe43df57-1687-44db-80c4-82a3e8deb24d,heptad.market,available,44.49,44.49,medium,low,6,namesilo,,,
3ddc1920-e4e2-4fe7-b711-564b4d0ad208,privileged.market,available,44.49,44.49,high,low,10,namesilo,,,27/09/2026 06:20
5db3c33d-c621-4c51-928e-bffa960a640a,whim.market,available,46.98,55.98,high,low,4,namecheap,,,24/09/2026 12:39
e8d09165-9b7e-40d2-a1d8-b4873470b26c,disraeli.market,available,44.49,44.49,medium,low,8,namesilo,,,23/09/2026 08:17
527544fe-f5a4-4eab-b7b5-c0c6d9c6d9dd,deluxe.market,premium,500,500,high,low,6,name.com,,,13/08/2026 19:11
45a4fd75-b6ba-46a0-a152-7753fb76b896,did.market,resell,,,high,low,3,"GoDaddy.com, LLC",24/08/2021 15:49,24/08/2027 15:49,26/09/2026 05:33
68b2fe2c-938b-4509-89cc-3a4926c780ca,surveys.market,premium,242,242,medium,low,7,namesilo,,,17/09/2026 07:59
2b658fb6-211e-474a-9db9-f75af626f053,troll.market,available,44.49,44.49,high,low,5,namesilo,,,
09d8af9a-2f7c-4803-9d57-149a40c1450b,comestible.market,available,44.49,44.49,medium,low,10,namesilo,,,12/08/2026 18:45
9e93375c-3aa9-44f6-bcfd-a36c63640352,psycho.market,available,44.49,44.49,high,low,6,namesilo,,,27/09/2026 07:59
0a390901-a746-47f8-899b-204ea051c2fa,willy.market,available,44.49,44.49,medium,low,5,namesilo,,,27/09/2026 06:19
f0ad9992-ac01-4af9-aa31-b4c3e746a6aa,combustive.market,available,44.49,44.49,low,low,10,namesilo,,,12/08/2026 18:42
201138e3-f766-4d06-baac-0d3a1dd62f47,drearily.market,available,44.49,44.49,medium,low,8,namesilo,,,14/09/2026 13:12
803e1a75-3ada-433a-b423-a24091376076,subversive.market,available,44.49,44.49,high,low,10,namesilo,,,22/08/2026 07:46
443f1389-12a5-4692-b30c-610c007e471a,arauca.market,available,44.49,44.49,medium,low,6,namesilo,,,20/09/2026 00:22
2527077b-3b6f-4f17-ac2a-281dacbd85fa,click.market,premium,854,854,high,medium,5,namesilo,,,24/09/2026 13:54
8435773b-d2a6-4ab4-8a6c-231b7d5a4cd1,bellboy.market,available,46.98,55.98,high,low,7,namecheap,,,23/09/2026 05:55
17765363-7f40-4ad7-8101-7e24b842995e,texas.market,premium,500,,high,medium,5,name.com,,,
742dd4fa-b58d-48f8-96af-aac8e8964f45,soissons.market,available,44.49,44.49,medium,low,8,namesilo,,,22/09/2026 15:58
47b42868-4d26-4ebb-9182-12f576965e3d,wry.market,available,44.49,44.49,high,low,3,namesilo,,,22/08/2026 10:08
ab220ea4-b790-40f6-a0c3-762dec5df66f,packaged.market,available,44.49,44.49,high,low,8,namesilo,,,04/09/2026 22:44
502b2958-31b4-4b5e-8eea-30d94a4663ed,ahab.market,available,46.98,55.98,medium,low,4,namecheap,,,17/09/2026 20:17
17692ed5-1103-4346-b4db-3c7fcd9f3b0c,interstate.market,available,44.49,44.49,high,low,10,namesilo,,,25/09/2026 10:24
49d3f7a3-9099-4ced-a1ba-257ba279e4f1,beforehand.market,available,44.49,44.49,medium,low,10,namesilo,,,09/08/2026 08:51
47c37c0b-8b22-4bb7-8f8c-f35a2a4d0f18,activating.market,available,44.49,44.49,high,low,10,namesilo,,,
a9dacddd-dae3-48c1-b2fb-8288315c7719,roma.market,premium,242,242,high,low,4,namesilo,,,10/08/2026 17:30
746ef6f1-132f-400c-b06f-8921127e0bc6,unnoticed.market,available,44.49,44.49,medium,low,9,namesilo,,,12/09/2026 16:02
0af405f6-c6a9-4d6d-aa28-d49d4ebac309,pounds.market,available,44.49,44.49,medium,low,6,namesilo,,,18/09/2026 01:51
0ad2eff5-408b-4700-acf8-ae9459fc4e9b,futurist.market,available,46.98,55.98,high,low,8,namecheap,,,18/08/2026 19:19
06e3054b-cccf-44bd-8193-4b20588ff9ae,centimetre.market,available,44.49,44.49,medium,low,10,namesilo,,,24/09/2026 13:35
1eef9721-be84-46c3-af08-6cc830d36c14,noisy.market,available,46.98,55.98,high,low,5,namecheap,,,03/09/2026 18:15
ec569183-b037-43da-9de4-c785bbb107c1,pennies.market,available,44.49,44.49,medium,low,7,namesilo,,,
ff2fa019-eb1d-46c6-985a-f6911da646fb,diverse.market,premium,500,500,high,low,7,name.com,,,14/08/2026 13:39
76fec02a-f5d6-48a3-b1ac-5d3d173d7bc2,ole.market,premium,118.8,118.8,high,low,3,namesilo,,,
d420159e-6309-44e7-9816-478cb4623308,tapes.market,available,44.49,44.49,medium,low,5,namesilo,,,25/09/2026 21:42
b22e8705-e908-4dcd-a6b8-1b9ee6029188,seamed.market,available,44.49,44.49,medium,low,6,namesilo,,,10/09/2026 00:45
70c2be71-227c-453b-a5f9-3fc046290526,besieged.market,available,44.49,44.49,low,low,8,namesilo,,,09/08/2026 15:25
1ab42572-0256-4c4e-8832-935b4f070dca,ghostly.market,available,44.49,44.49,medium,low,7,namesilo,,,06/08/2026 05:28
9d264581-a296-40ca-b5a5-7e9cb66cdfef,alain.market,available,44.49,44.49,high,low,5,namesilo,,,27/09/2026 07:38
aa616cf0-2256-4ac9-a18c-574c7b7a553c,wink.market,premium,118.8,118.8,high,low,4,namesilo,,,22/09/2026 22:05
2657b696-fce9-41bf-9d81-ccce22be8aad,clump.market,available,44.49,44.49,high,low,5,namesilo,,,11/09/2026 15:08
533adf44-0d09-4d97-8200-c83cf9c5cac6,sara.market,premium,520,520,high,low,4,namecheap,,,25/09/2026 21:30
4867715a-9466-4e36-9c6c-d6c9075f9801,venturer.market,available,44.49,44.49,high,low,8,namesilo,,,24/09/2026 10:43
9f2aacda-6035-4617-beda-045fb9974a1c,bucolic.market,available,44.49,44.49,high,low,7,namesilo,,,06/08/2026 14:14
1b04b1bb-cbd7-4ef0-9d70-e4ce2ceb56e9,heartburn.market,available,44.49,44.49,medium,low,9,namesilo,,,
f69b0f68-d8b1-40fb-bb10-3ec3a9fcb875,excitable.market,available,44.49,44.49,medium,low,9,namesilo,,,17/08/2026 16:22
6eb5f02a-a42e-46a5-bd03-f9da12a4f219,weepy.market,available,44.49,44.49,medium,low,5,namesilo,,,13/09/2026 10:06
78253a21-153b-4f18-a9d4-c659f14e84c6,breathed.market,available,44.49,44.49,medium,low,8,namesilo,,,11/08/2026 03:16
a4f782ff-033a-4434-992f-b859416ca575,inviolate.market,available,44.49,44.49,medium,low,9,namesilo,,,22/08/2026 09:06
910f9950-70b9-4dd4-9cb4-0fbdc657d452,condo.market,premium,500,,high,low,5,name.com,,,
c37837d7-e202-44f0-906b-b9996633103b,rafts.market,available,44.49,44.49,high,low,5,namesilo,,,14/09/2026 23:26
b7d94696-704e-4bef-b65d-89f3432a837b,pokey.market,available,44.49,44.49,medium,low,5,namesilo,,,14/08/2026 07:36
30d09d34-d89e-4643-8570-cd0eb0b534fd,appraiser.market,premium,242,242,high,low,9,namesilo,,,19/09/2026 22:12
008c0070-303e-4e40-b69b-e709b055d9fc,estival.market,available,44.49,44.49,medium,low,7,namesilo,,,
4a5e23bf-2506-4384-ad9e-3935c6cf9d51,penumbral.market,available,44.49,44.49,medium,low,9,namesilo,,,08/09/2026 15:25
ee72f52a-b210-4e48-afab-e776a3e80d68,corrode.market,available,46.98,55.98,medium,low,7,namecheap,,,09/09/2026 20:10
69eb396b-6d7c-4fe7-83f8-31f43743f41f,photo.market,premium,242,242,high,medium,5,namesilo,,,27/09/2026 02:21
388d10ab-d030-467a-8899-4ec877aaf92e,slipped.market,available,44.49,44.49,high,low,7,namesilo,,,18/09/2026 02:25
56f94d50-e84c-4924-8105-d77cafc2f371,unfamiliar.market,available,44.49,44.49,high,low,10,namesilo,,,12/09/2026 09:55
bc29c785-0f3c-4d1e-99f5-a353e2f7ebfd,bns.market,available,44.49,44.49,high,low,3,namesilo,,,21/09/2026 14:15
65946ca2-49e0-4d99-94fb-a47b18f00098,assembly.market,available,44.49,44.49,high,low,8,namesilo,,,20/09/2026 16:09
2feefc8b-edd7-47ac-ad80-fcaa63aafcc6,mammary.market,available,44.49,44.49,medium,low,7,namesilo,,,24/08/2026 14:23
8de89b9c-fb23-4a28-888b-662cc6d45f9d,keyed.market,available,44.49,44.49,medium,low,5,namesilo,,,22/08/2026 15:42
398de70f-516f-4bfd-8ce5-8f71c1910742,asura.market,available,46.98,55.98,medium,low,5,namecheap,,,20/09/2026 18:26
5d1783ea-bf7c-4250-921d-e141a48c255c,colourise.market,available,44.49,44.49,medium,low,9,namesilo,,,12/08/2026 17:38
a6d1ce9d-ff2e-424c-aec9-a292e2a8a2a3,thin.market,available,44.49,44.49,high,low,4,namesilo,,,14/08/2026 07:47
c0ad37cd-3114-43c2-ba81-cb3774f2695e,perforated.market,available,44.49,44.49,high,low,10,namesilo,,,08/09/2026 16:52
50a29762-8a06-4fcc-bf44-061ecf048932,zymoid.market,available,44.49,44.49,medium,low,6,namesilo,,,13/09/2026 15:55
1b8e2659-6eb5-4f3b-aa11-4e80499f9769,listening.market,available,44.49,44.49,high,low,9,namesilo,,,25/09/2026 09:00
2e6088bb-ea5d-4f37-9393-96c82cce3792,abyssinian.market,available,46.98,55.98,high,low,10,namecheap,,,16/09/2026 19:54
e65be78f-f343-494f-8373-10498e8f100d,bihari.market,available,44.49,44.49,medium,low,6,namesilo,,,23/09/2026 15:31
587c5a39-0a57-4635-9860-a22f51206f06,arriviste.market,available,44.49,44.49,medium,low,9,namesilo,,,03/09/2026 22:17
5401967d-aafc-4c09-8ac0-41c74f40d442,monogamous.market,available,44.49,44.49,high,low,10,namesilo,,,25/08/2026 05:11
65d81c73-d592-49ab-b301-89855b8677e9,bendable.market,available,44.49,44.49,medium,low,8,namesilo,,,09/08/2026 14:07
0322d2bf-9b31-4f3b-a6c0-606caeedf4e8,tongue.market,available,55.98,,high,low,6,namecheap,,,
22af6ebb-2bb8-47b7-916d-39b797f55aa3,bigness.market,available,44.49,44.49,medium,low,7,namesilo,,,23/09/2026 15:14
d8d57779-a7cd-40bb-bedc-26862b1b7ba2,difficulty.market,available,44.49,44.49,high,low,10,namesilo,,,
3cb34d45-4600-46eb-b71a-21668eba8952,craniate.market,available,44.49,44.49,medium,low,8,namesilo,,,13/09/2026 04:37
480f2bfb-3154-4779-b986-a7d080565e36,onstage.market,available,46.98,55.98,high,low,8,namecheap,,,16/09/2026 19:36
733d1933-a1af-44b3-9b64-cd9d13d8c8f0,dennis.market,available,44.49,44.49,high,low,6,namesilo,,,25/09/2026 13:58
50a43446-3cf1-4037-a6a8-03f405fcfc9b,uncanny.market,available,44.49,44.49,high,low,7,namesilo,,,16/08/2026 02:23
8c5266c7-3756-4b4f-a4d6-b7212c533b69,understands.market,available,35.39,35.39,high,low,11,spaceship,,,28/09/2026 00:05
0141c631-8da7-4ebd-a84a-1980e776a7ed,phillips.market,available,46.98,55.98,high,low,8,namecheap,,,25/09/2026 18:30
9ebc4d4a-7ebd-4033-8a48-96ec767c4a14,taiwanese.market,premium,242,242,high,low,9,namesilo,,,18/08/2026 12:14
e387ab75-36b9-41ea-845f-e82dfe5771b4,juicy.market,available,46.98,55.98,high,low,5,namecheap,,,18/08/2026 19:59
96e82886-10a8-4856-a1c3-39d6baf9e03d,ill.market,premium,71.4,71.4,high,low,3,namesilo,,,25/09/2026 07:33
0bb12ddf-a6fa-4897-9e52-d98756c48f9f,cambrian.market,available,44.49,44.49,high,low,8,namesilo,,,11/08/2026 15:45
88d4c39c-8774-4aae-9806-c703f4807018,pictures.market,available,44.49,44.49,high,low,8,namesilo,,,25/09/2026 16:28
b496b9cf-4f5e-419f-b30f-fa92baf3c5bd,switched.market,available,44.49,44.49,medium,low,8,namesilo,,,27/09/2026 09:43
4098512d-8446-4791-85e3-9f9e11ece023,perfidious.market,available,44.49,44.49,medium,low,10,namesilo,,,08/09/2026 16:31
f7e0c036-8468-40c7-a9ee-c085f4f6c6b7,benzoin.market,available,44.49,44.49,medium,low,7,namesilo,,,20/09/2026 12:33
73a5351c-af7b-443c-a984-6772b2e6653e,buddhist.market,premium,242,242,high,low,8,namesilo,,,11/08/2026 07:39
bed0c9fb-ab9b-4aea-8b9d-bebea74da02a,beadle.market,available,46.98,55.98,medium,low,6,namecheap,,,22/09/2026 19:31
94ebebb1-612b-4110-ab9f-fb756b9fa688,acrimony.market,available,46.98,55.98,medium,low,8,namecheap,,,17/09/2026 03:09
d81c6aba-a4d2-4f27-b735-c35f2efbb1c2,alas.market,available,44.49,44.49,high,low,4,namesilo,,,13/09/2026 18:37
0b1ff7ea-3f7c-4e52-ba90-67c65e729be1,arresting.market,available,44.49,44.49,high,low,9,namesilo,,,06/08/2026 21:47
8e3b762e-4007-4a31-a251-03e6bd737022,donkeys.market,available,44.49,44.49,medium,low,7,namesilo,,,20/09/2026 00:20
25527717-a564-49f2-a20f-de3ae22a3ad7,resume.market,premium,260,260,high,low,6,namecheap,,,24/09/2026 04:16
9b9faa27-2f9b-4c8f-b590-4b227cb913b3,behavior.market,available,44.49,44.49,high,low,8,namesilo,,,23/09/2026 03:06
fe8543a8-8d68-4d72-9bee-bcb2d573b4f3,containers.market,available,44.49,44.49,medium,low,10,namesilo,,,19/09/2026 01:32
5834a260-f8c8-4c0e-bea5-3570e4c4bba9,mousy.market,available,44.49,44.49,medium,low,5,namesilo,,,25/08/2026 08:42
537bb684-7a12-49fe-9538-483981df57e5,substrates.market,available,46.98,55.98,medium,low,10,namecheap,,,25/09/2026 21:45
692e8bcb-e09d-45e6-bd49-df36689786c1,anorectal.market,available,44.49,44.49,medium,low,9,namesilo,,,
145c4d68-b9b8-4286-a00f-f9e1569ced8f,fettered.market,available,44.49,44.49,medium,low,8,namesilo,,,18/08/2026 02:54
60920f5b-ee34-446d-848c-f72528d4b501,leery.market,available,44.49,44.49,medium,low,5,namesilo,,,22/08/2026 22:26
879286de-d93a-42f1-9851-07fc8c06bdfa,climatic.market,available,44.49,44.49,high,low,8,namesilo,,,12/08/2026 10:57
da348e8c-125b-44cb-9f58-c78b5f1690a9,backstretch.market,available,55.98,,high,low,12,namecheap,,,
f3b421bf-ff9b-4a85-b692-a11193169e79,areca.market,available,44.49,44.49,medium,low,5,namesilo,,,20/09/2026 03:25
8b7feb28-35c0-4cf0-b337-d922f01e061b,chunks.market,available,44.49,44.49,medium,low,6,namesilo,,,18/09/2026 14:56
0715c937-c276-467c-b8aa-73badafa2c5e,scalene.market,available,44.49,44.49,medium,low,7,namesilo,,,09/09/2026 22:25
0aa3c551-db01-4633-968e-78078e727dd8,fabrication.market,available,46.98,55.98,high,low,11,namecheap,,,25/09/2026 19:26
4456a602-0642-4d2b-a936-c35103aa0d04,swelled.market,available,44.49,44.49,medium,low,7,namesilo,,,11/09/2026 05:38
c668dde2-54bc-4bdf-8203-60ef9395dd29,hiram.market,available,44.49,44.49,medium,low,5,namesilo,,,27/09/2026 19:47
61799958-7a52-4f76-a1e0-5dbbc05cbb6e,binate.market,available,44.49,44.49,medium,low,6,namesilo,,,09/08/2026 23:39
3b0def6c-e3e1-49d0-aa3f-099435ad1611,latakia.market,available,44.49,44.49,medium,low,7,namesilo,,,18/09/2026 01:28
c0315da3-e795-4b87-8457-b6d31eb99815,constantly.market,available,44.49,44.49,high,low,10,namesilo,,,
711b4cd9-9f20-4793-a646-96485f28c313,pals.market,available,46.98,55.98,high,low,4,namecheap,,,20/09/2026 10:42
598b91ee-f85a-4e5c-8277-c12bde50f44e,incurable.market,available,44.49,44.49,medium,low,9,namesilo,,,22/08/2026 02:06
4426d98b-70b2-4344-82bc-35375791dff7,fancy.market,premium,260,260,high,low,5,namecheap,,,24/09/2026 16:32
59c71955-7db1-4357-956b-42c5a035b464,branching.market,available,44.49,44.49,high,low,9,namesilo,,,11/08/2026 02:08
a4cffbad-6510-485e-9530-f291252db0b7,dewey.market,available,44.49,44.49,high,low,5,namesilo,,,17/09/2026 08:48
6f582e32-08e6-4376-bb05-bda9cebfb161,diego.market,available,44.49,44.49,high,low,5,namesilo,,,26/09/2026 03:12
fbeff6b6-3da7-426c-9556-fa06179861ef,weaned.market,available,44.49,44.49,medium,low,6,namesilo,,,13/09/2026 08:53
d72fe1f0-8c37-417e-aa6d-a5ccc51a08b0,diagnostic.market,available,44.49,44.49,high,low,10,namesilo,,,14/08/2026 05:47
eff64730-94e2-44fc-853b-1de71d49fa11,munition.market,available,44.49,44.49,high,low,8,namesilo,,,20/09/2026 07:44
c2e5c7e0-4f94-4fba-91a3-16af41c46b08,alpenstock.market,available,44.49,44.49,medium,low,10,namesilo,,,18/09/2026 13:32
f5d68a56-0102-4c0b-9660-1ac8ec244e11,insolvent.market,available,44.49,44.49,medium,low,9,namesilo,,,08/08/2026 13:34
77c23a52-0675-4c82-9b21-d031bb8ac683,censor.market,available,44.49,44.49,high,low,6,namesilo,,,22/09/2026 00:43
54575a58-f5d4-4afa-976c-515c5ad84b43,petulant.market,available,44.49,44.49,medium,low,8,namesilo,,,22/08/2026 10:27
5ea81e76-b998-46b3-a0f1-369f55b2f783,equable.market,available,44.49,44.49,medium,low,7,namesilo,,,17/08/2026 11:33
953f605e-83fe-4b8e-889f-bcb20215684f,travels.market,premium,128.7,128.7,high,low,7,namecheap,,,17/09/2026 06:44
8f67672f-4e16-40f4-b0cc-a2e1ac210a78,barrister.market,available,44.49,44.49,high,low,9,namesilo,,,22/09/2026 08:39
5911f614-ec2f-4065-990a-ad0a9ee766f1,unwrapped.market,available,44.49,44.49,high,low,9,namesilo,,,12/09/2026 22:53
85897a34-3034-4ffa-8197-3a2c0b531bdd,robbery.market,available,44.49,44.49,medium,low,7,namesilo,,,25/09/2026 09:07
480777a3-8ca4-4a99-bcc7-7e864fb3f87e,swampy.market,available,44.49,44.49,medium,low,6,namesilo,,,10/08/2026 17:18
03dfc2d5-a6d6-49d7-82c9-34346cb83b35,hooved.market,available,44.49,44.49,medium,low,6,namesilo,,,21/08/2026 13:42
ba788fb8-405a-44b3-a148-fd7d9d0ca1ec,foster.market,available,44.49,44.49,high,low,6,namesilo,,,18/08/2026 13:22
e34fe391-c3ce-4633-9d3e-6a6717c6be25,serenely.market,available,44.49,44.49,medium,low,8,namesilo,,,16/09/2026 01:06
bb219d2e-e723-43b7-b9b0-0ac22e63edf5,erroneous.market,available,44.49,44.49,medium,low,9,namesilo,,,17/08/2026 12:56
7b550f29-7a4e-44c3-baee-12b484fbe26b,vexer.market,available,44.49,44.49,medium,low,5,namesilo,,,19/09/2026 10:52
23419f20-3d2c-4c8e-a3fe-4db098fee245,hopeful.market,available,46.98,55.98,high,low,7,namecheap,,,22/09/2026 09:48
f7d1b83c-a635-4634-9dcb-69916b3bc618,unready.market,available,46.98,55.98,medium,low,7,namecheap,,,12/09/2026 17:53
9ae56c89-f6c2-4291-ab9f-c78294254f6f,disputed.market,available,44.49,44.49,medium,low,8,namesilo,,,14/08/2026 12:12
87583f9b-64dc-4aad-b654-2a26b0444091,bumpkin.market,available,44.49,44.49,medium,low,7,namesilo,,,21/08/2026 08:07
40b24275-6f16-40ef-a56f-2a772ec129f9,ayah.market,available,44.49,44.49,high,low,4,namesilo,,,21/09/2026 10:32
8898d61b-387f-4121-b827-c90bfb65e77d,styling.market,available,46.98,55.98,high,low,7,namecheap,,,17/09/2026 18:14
d761e34a-45f7-4cec-acc8-bacde7b4eee4,rending.market,available,44.49,44.49,medium,low,7,namesilo,,,09/09/2026 13:57
39d6a624-cf5f-4df9-a97d-af98d561d42f,visioned.market,available,44.49,44.49,high,low,8,namesilo,,,20/09/2026 16:28
8fcf9809-7c17-4be3-be5d-eb8d2dc6a0c7,aorta.market,available,44.49,44.49,medium,low,5,namesilo,,,19/09/2026 16:04
8d8cbfdc-65c7-4f72-845f-8b8f6a314aab,underside.market,available,46.98,55.98,high,low,9,namecheap,,,10/08/2026 21:15
64954342-94c0-4e80-9ecf-2e9bde228e08,backstroke.market,available,44.49,44.49,high,low,10,namesilo,,,21/09/2026 16:09
c99d7d51-7834-4237-95e3-8bbf40505c68,criminal.market,available,46.98,55.98,high,low,8,namecheap,,,23/09/2026 19:22
3270b843-430b-4915-ac38-82cd486eddf4,went.market,available,44.49,44.49,high,low,4,namesilo,,,
64188a31-596a-4274-9b41-ad49083d60a5,waldo.market,available,35.39,35.39,medium,low,5,spaceship,,,27/09/2026 20:38
a9f0e922-c24d-47d3-99e7-b567f3701500,inanimate.market,available,44.49,44.49,medium,low,9,namesilo,,,22/08/2026 00:17
24b9117a-cea9-47d6-b147-9e4383bcf02d,shriek.market,available,44.49,44.49,medium,low,6,namesilo,,,09/09/2026 23:53
ba4bd166-933c-4821-a9e3-440c85734037,eighteen.market,available,44.49,44.49,high,low,8,namesilo,,,21/09/2026 11:58
0507a300-cd4c-47e2-bd4e-e42d3e0390d8,curly.market,available,44.49,44.49,high,low,5,namesilo,,,13/08/2026 11:23
d69ea164-061d-4e66-ba5e-3bb6685b3aa2,hang.market,available,44.49,44.49,high,low,4,namesilo,,,
35c6a1ee-0636-4e13-b738-9774af114785,ben.market,premium,500,,high,medium,3,name.com,,,
9488e43a-39e1-42cf-b1a1-6385779d46be,hum.market,premium,500,,high,low,3,name.com,,,
0efdbaa1-3bbe-4b3b-bb66-1e71873596c2,exception.market,available,44.49,44.49,high,low,9,namesilo,,,
d9b14f37-109c-4c9d-b71d-505d7dbf9185,claimed.market,available,44.49,44.49,medium,low,7,namesilo,,,27/09/2026 23:56
e89f3f3f-a93c-4502-b69d-97de53136285,sacrificial.market,available,55.98,,medium,low,11,namecheap,,,
1488cfea-3d16-437a-9387-1827c0bfcb6d,adherence.market,available,44.49,44.49,high,low,9,namesilo,,,17/09/2026 07:58
77ab9cc7-276b-4ebe-b788-74825a4b71b0,boyd.market,available,44.49,44.49,high,low,4,namesilo,,,25/09/2026 14:55
707df506-b20c-4bf5-855c-e60f7741e559,olympics.market,available,44.49,44.49,high,low,8,namesilo,,,
61b1d901-b2c8-43e9-8f95-eefa7948c328,ridge.market,resell,,,high,low,5,,,,28/09/2026 03:01
60ae7152-51c2-4883-8cd9-f610f657acad,unicameral.market,available,44.49,44.49,medium,low,10,namesilo,,,12/09/2026 12:46
2563f500-38f7-4a2c-b9a2-c81b93ef6f55,phycology.market,available,44.49,44.49,medium,low,9,namesilo,,,18/09/2026 07:09
668ce0c1-137f-44d6-86db-16eb40071531,acer.market,available,44.49,44.49,high,low,4,namesilo,,,16/09/2026 23:32
84751bde-bfaf-4051-82ae-2f60eeb10e6e,punter.market,available,44.49,44.49,medium,low,6,namesilo,,,
fd91005d-7ee6-4c63-b20d-1e97642f8bfb,argive.market,available,44.49,44.49,medium,low,6,namesilo,,,06/08/2026 18:27
36c85a06-7d7c-4e3d-921f-a385ef9fe107,caudate.market,available,44.49,44.49,medium,low,7,namesilo,,,11/08/2026 22:26
7494d701-55f9-4dad-9ef2-485b29785536,braky.market,available,44.49,44.49,low,low,5,namesilo,,,11/08/2026 01:57
dacecf80-5dae-4645-aa40-3380e08e1947,britannic.market,available,44.49,44.49,medium,low,9,namesilo,,,11/08/2026 04:44
60f09826-b23c-4b27-9b16-e9c2479cdf12,catkinate.market,available,44.49,44.49,medium,low,9,namesilo,,,11/08/2026 22:09
ba95659a-acc4-4fb8-902b-5fcf70de1f5b,bishopric.market,available,44.49,44.49,medium,low,9,namesilo,,,23/09/2026 21:59
baf39ada-2568-4657-8de6-671b684c9502,apologetic.market,available,44.49,44.49,medium,low,10,namesilo,,,06/08/2026 02:07
98f6f7fb-52d1-4cff-b66c-3960269ae6fc,ineffable.market,available,44.49,44.49,high,low,9,namesilo,,,22/08/2026 02:45
bb8da9cb-65e9-4087-827f-8965b5f60aa5,unruly.market,available,44.49,44.49,high,low,6,namesilo,,,10/08/2026 17:42
9ce074cc-ebe3-4115-9a0b-8da120fba4d4,alienated.market,available,44.49,44.49,medium,low,9,namesilo,,,
cd9c2f9c-40ea-47b5-a2b5-c528fcaa6c89,amniotic.market,available,46.98,55.98,medium,low,8,namecheap,,,
733d400e-4421-420f-aba6-b6aa980e32c7,polio.market,available,44.49,44.49,medium,low,5,namesilo,,,17/09/2026 05:40
b32d7e4c-9fbb-473d-a3cb-d42c0f5f6ccc,doubled.market,available,44.49,44.49,high,low,7,namesilo,,,14/08/2026 16:55
82700c1b-4aab-43f5-95ee-9c4d489b4d19,tabby.market,available,44.49,44.49,high,low,5,namesilo,,,23/09/2026 09:31
6e22db67-6338-42d7-a999-aced64198d7a,knot.market,available,44.49,44.49,high,low,4,namesilo,,,
d2ae01e7-9275-404b-8682-fdb923e0b5db,modernist.market,available,44.49,44.49,high,low,9,namesilo,,,27/09/2026 04:47
a1d781e3-122e-4d91-b798-bdc75a2454fd,arbutus.market,available,44.49,44.49,medium,low,7,namesilo,,,20/09/2026 01:01
48120f50-0f1b-4dcd-ba99-6ddf78690e9a,backspacer.market,available,44.49,44.49,medium,low,10,namesilo,,,21/09/2026 16:02
6dfe1cb6-8e03-4759-a882-7cf92c938ecb,orchestral.market,available,44.49,44.49,high,low,10,namesilo,,,04/09/2026 17:42
f42f9dc0-3e26-4e45-9a3a-afa80ed604b9,grumbling.market,available,46.98,55.98,medium,low,9,namecheap,,,20/08/2026 20:33
2d874dea-585b-4ebf-962a-f7f212e92973,whitefish.market,available,44.49,44.49,medium,low,10,namesilo,,,
1cc63f0f-6499-4f66-8249-ebdf19242398,pulls.market,available,44.49,44.49,medium,low,5,namesilo,,,16/09/2026 23:15
35efd639-cdd9-4004-b646-4ed9a12c430d,tempering.market,available,44.49,44.49,medium,low,9,namesilo,,,11/09/2026 10:56
cb313281-e5b4-403e-ae1a-e7a9248eebbc,brockhouse.market,available,44.49,44.49,medium,low,10,namesilo,,,23/09/2026 10:18
b05414ff-9890-424f-8b81-7f62b89382dd,september.market,available,44.49,44.49,high,low,9,namesilo,,,
6e4103fa-a4de-4c77-9ab3-273b39846fab,cleanser.market,available,44.49,44.49,high,low,8,namesilo,,,24/09/2026 15:26
c8d955bd-fbc8-4d2c-99e7-b88be576f61a,canvasback.market,available,64.99,64.99,medium,low,10,name.com,,,21/09/2026 10:51
aabb50a6-e1cc-4d21-946e-dabb3b1ca1e0,automatic.market,available,44.49,44.49,high,low,9,namesilo,,,22/09/2026 14:02
98ff8c71-70fd-46fb-81aa-98dc6713a696,stubbornly.market,available,44.49,44.49,medium,low,10,namesilo,,,14/09/2026 10:12
96bc61bd-590f-478e-aadf-f3f2257cbf3c,xxviii.market,available,44.49,44.49,medium,low,6,namesilo,,,
7b440220-f180-463d-bc97-ec362c1a06d8,paper.market,resell,,,high,low,5,"Chengdu West Dimension Digital Technology Co., Ltd.",13/05/2020 09:26,13/05/2027 09:26,26/09/2026 08:01
b00b3cf8-d729-4d8e-92c4-d7086939c301,cheque.market,premium,118.8,118.8,high,low,6,namesilo,,,22/09/2026 02:22
ea654190-7381-4ae5-80cb-dd068320c083,craved.market,available,44.49,44.49,high,low,6,namesilo,,,13/08/2026 05:25
6a802803-1a23-4c7d-83e3-91d1f94edaf4,relief.market,available,44.49,44.49,high,low,6,namesilo,,,23/09/2026 07:06
9b3462f9-2312-40a2-83b1-cbd38ee947d8,crime.market,resell,,,high,low,5,"Chengdu West Dimension Digital Technology Co., Ltd.",29/12/2023 15:15,29/12/2026 15:15,26/09/2026 05:20
64e278a9-606d-4db2-9fdd-3278f31059b8,victory.market,resell,,,high,low,7,"Xiamen ChinaSource Internet Service Co., Ltd",15/02/2025 15:15,15/02/2027 15:15,26/09/2026 09:59
bd7bff2e-a837-43da-974b-fba146b30c42,heart.market,resell,,,high,low,5,Xin Net Technology Corporation,24/08/2022 13:15,24/08/2027 13:15,26/09/2026 06:37
5f6c8173-70a5-43ca-a717-c364910e116f,bettor.market,available,46.98,55.98,medium,low,6,namecheap,,,23/09/2026 11:49
b06e640c-cb6b-4757-95d3-51e576ea5a7a,sophistication.market,available,44.49,44.49,high,low,14,namesilo,,,
9f2c05f2-fdd7-45dd-9f77-666f0ceea376,hail.market,available,44.49,44.49,high,low,4,namesilo,,,16/09/2026 22:38
d5aa4e20-93b1-4270-996d-a17c2496ff7e,battledore.market,available,44.49,44.49,medium,low,10,namesilo,,,21/09/2026 17:16
2e70283b-1d3c-4740-843c-a1993da4202b,filar.market,available,44.49,44.49,medium,low,5,namesilo,,,18/08/2026 04:10
a4c39887-4b23-44b3-8a60-b64e39847d43,prudently.market,available,44.49,44.49,medium,low,9,namesilo,,,15/09/2026 21:50
de137934-4561-4d56-bda5-fba51114ea99,agitator.market,available,46.98,55.98,medium,low,8,namecheap,,,17/09/2026 18:07
1a34db54-59f9-48f3-a676-85cf9aa26eb8,bilimbi.market,available,44.49,44.49,medium,low,7,namesilo,,,21/09/2026 09:13
28085cff-4b0e-4f4e-b0c0-149685501178,alca.market,available,46.98,55.98,high,low,4,namecheap,,,18/09/2026 03:36
89f1b4c5-8db0-4b5b-9a44-e3982cdab1e8,municipal.market,premium,71.4,71.4,high,low,9,namesilo,,,03/09/2026 10:58
a8a6f5dc-3d2f-49ba-868d-6efa42c46a9e,sanctioned.market,available,44.49,44.49,medium,low,10,namesilo,,,06/08/2026 09:24
54d844ee-2d88-4ad1-8e9a-efafd579e5b7,avenue.market,resell,,,high,medium,6,"DNSPod, Inc.",23/03/2022 13:15,23/03/2027 13:15,26/09/2026 04:10
d62f9f56-54ff-4e35-9ffd-d1a26de0ce30,bidding.market,premium,118.8,118.8,high,low,7,namesilo,,,23/09/2026 13:29
2a3f4b39-96b6-45d2-9143-052c91a493d3,roundabout.market,available,,,medium,low,11,,,,
00a709df-c3fe-4a98-bd2b-25d4f079f6b1,lloyd.market,available,44.49,44.49,high,low,5,namesilo,,,25/09/2026 06:57
d92ebf33-a181-489c-8b07-133484bafd6a,protean.market,available,44.49,44.49,high,low,7,namesilo,,,09/09/2026 04:06
95fcec64-7bf5-4594-a2b0-45f1850edbd9,voluntarily.market,available,44.49,44.49,high,low,11,namesilo,,,
5a511902-a0d1-4072-abb2-4a2c41fc0c89,jaggy.market,available,44.49,44.49,medium,low,5,namesilo,,,17/08/2026 12:34
3ba8e2d2-67a0-4d4e-adc3-afe8041a8485,darling.market,available,44.49,44.49,high,low,7,namesilo,,,09/08/2026 13:48
2933917d-cd21-4d1f-81ed-bc9f506e7517,bedevil.market,available,46.98,55.98,medium,low,7,namecheap,,,14/08/2026 21:15
868381ca-f38a-4128-9735-4c97a5a5cc1b,unvented.market,available,44.49,44.49,low,low,8,namesilo,,,12/09/2026 22:11
f56a765e-934f-422d-80e8-0058e6d30832,eldritch.market,available,44.49,44.49,medium,low,8,namesilo,,,16/08/2026 02:21
adf0af6b-826f-4fc8-8745-6713284ebf13,christians.market,available,44.49,44.49,medium,low,10,namesilo,,,16/09/2026 12:24
7bbfed89-0fab-4b0e-a4d2-8950aac7f8bc,nominated.market,available,46.98,55.98,high,low,9,namecheap,,,03/09/2026 18:18
c600b230-89e7-44cd-8d34-9d9db643465a,adopt.market,available,36.6,36.6,high,low,5,dynadot,,,28/09/2026 03:18
f2ba9223-0c22-4d6c-b49e-bb0734305d25,wild.market,premium,260,260,high,medium,4,namecheap,,,22/09/2026 17:18
54cf798a-c6bd-45ce-80f9-781bc7f7dc21,arlington.market,premium,128.7,128.7,medium,low,9,namecheap,,,20/09/2026 06:16
c3b2e71b-7964-4af1-818d-d6aeb8379b84,ttyl.market,available,44.49,44.49,medium,low,4,namesilo,,,
734a2a0b-7577-49c4-ab18-b6a51381a864,whispering.market,available,44.49,44.49,high,low,10,namesilo,,,03/09/2026 11:10
0fd76145-0463-44c2-9c12-5fa7d68dfa1c,face.market,resell,,,high,low,4,"Spaceship, Inc.",21/01/2015 14:09,21/01/2027 14:09,26/09/2026 05:59
5671740f-1890-4a35-9272-251fb281ac29,poor.market,premium,242,242,medium,low,4,namesilo,,,24/09/2026 23:28
73d04025-0ebe-4897-bbdf-576ccd8d4e2c,angela.market,available,44.49,44.49,high,low,6,namesilo,,,25/09/2026 13:41
6eefe184-49fa-45d5-8e48-8dec5fdb8379,seltzer.market,available,44.49,44.49,high,low,7,namesilo,,,24/09/2026 12:47
617776d4-aefd-429e-bf62-6b6e84d940db,changer.market,available,44.49,44.49,high,low,7,namesilo,,,21/09/2026 05:31
d365f8cd-4f21-4eea-9013-0ec977c7de01,groovy.market,available,44.49,44.49,high,low,6,namesilo,,,08/08/2026 12:35
3a748942-c1f5-4e2d-ad39-00c8d427787c,misdirect.market,available,44.49,44.49,medium,low,9,namesilo,,,13/08/2026 02:26
b48b2fd9-4a9c-4e6b-967d-c885fe96423f,rabid.market,available,44.49,44.49,medium,low,5,namesilo,,,17/08/2026 21:52
c4657448-ef8a-4109-99cb-524c725bf636,gyp.market,available,44.49,44.49,medium,low,3,namesilo,,,14/09/2026 08:05
be3cdb72-0e56-4f7f-a675-627f462a2554,cage.market,available,44.49,44.49,high,low,4,namesilo,,,22/09/2026 14:36
daee00fe-fbd4-4a1c-9442-0396ffcf0752,manually.market,available,44.49,44.49,medium,low,8,namesilo,,,15/09/2026 13:27
01804877-c069-4c8b-9e54-938b750a2c37,ramsey.market,available,44.49,44.49,high,low,6,namesilo,,,25/09/2026 15:22
b212debd-e6da-4578-8a68-8b3ffbaf6d6d,acorea.market,available,44.49,44.49,medium,low,6,namesilo,,,17/09/2026 02:12
160a4006-7b8b-4c61-bb35-aceb8e770ada,amazed.market,available,44.49,44.49,high,low,6,namesilo,,,22/09/2026 03:33
dc3c5ae8-4c08-467f-8166-d9eee809aa2a,throated.market,available,44.49,44.49,medium,low,8,namesilo,,,11/09/2026 14:39
c711666e-38cc-41bf-afb5-937aab286922,families.market,available,44.49,44.49,medium,low,8,namesilo,,,
14c4df63-4ac3-46af-85d8-5cea9f339790,equivalent.market,available,44.49,44.49,high,low,10,namesilo,,,24/09/2026 14:50
dabf72e1-5261-4cca-95b0-c6c3c66094f4,turki.market,available,46.98,55.98,medium,low,5,namecheap,,,11/09/2026 21:16
adcf9f5f-d496-4cbd-afb9-1bfe3ca83b58,aqaba.market,available,44.49,44.49,medium,low,5,namesilo,,,17/09/2026 23:49
2c75228b-92b4-48ca-89a6-ae57dbafc49c,choky.market,available,44.49,44.49,medium,low,5,namesilo,,,12/08/2026 06:42
2baa37c5-ddf3-400c-8fe3-f06d26e6d029,spattered.market,available,64.99,64.99,medium,low,9,name.com,,,13/08/2026 15:15
5b7a9251-bcae-453b-b6ff-4c89940e9eb5,immanent.market,available,44.49,44.49,medium,low,8,namesilo,,,21/08/2026 20:50
ceee27ee-88dc-40ba-9430-c87f8c52345e,impossibly.market,available,44.49,44.49,medium,low,10,namesilo,,,15/09/2026 04:27
c95850c7-ec85-4f7c-a1ac-9e0e73a938fb,thinkable.market,available,44.49,44.49,medium,low,9,namesilo,,,11/09/2026 13:28
a90549f9-68f7-4fd1-82cc-bd1f2fbeab5b,erasable.market,available,44.49,44.49,medium,low,8,namesilo,,,15/08/2026 14:16
4c9038c4-0f6f-44bd-8dd5-deca27f8b84b,argentine.market,available,,,high,high,9,,,,
11750435-df62-42e5-a927-765f32d3c232,atenolol.market,available,46.98,55.98,medium,low,8,namecheap,,,20/09/2026 20:09
e8730069-af28-4649-aae9-c4fc8ce29258,rube.market,available,44.49,44.49,medium,low,4,namesilo,,,21/08/2026 08:03
648898ab-3f26-4026-a88e-fc11a1dad3ce,hines.market,available,44.49,44.49,high,low,5,namesilo,,,27/09/2026 07:58
88522542-c9a3-4e3c-a6cf-f0afaaaea25c,lobar.market,available,44.49,44.49,medium,low,5,namesilo,,,24/08/2026 08:33
8cf6554c-4597-43e8-ad6f-9af32d9d7f9f,strindberg.market,available,44.49,44.49,medium,low,10,namesilo,,,21/09/2026 03:49
7533ae67-02e1-48ff-bea8-e6b77da5228b,denny.market,available,44.49,44.49,high,low,5,namesilo,,,25/09/2026 15:22
25a8e079-8ce8-4519-a1b4-f68b9d771c6a,headfirst.market,available,44.49,44.49,medium,low,9,namesilo,,,21/08/2026 01:52
629c3537-dfd7-4940-80f7-35e403ea0dcd,utica.market,available,44.49,44.49,medium,low,5,namesilo,,,27/09/2026 16:08
7732a083-b1b0-4a47-bd0a-9fb2d713d739,bandolier.market,available,44.49,44.49,medium,low,9,namesilo,,,22/09/2026 01:27
f76f69f8-a6ae-4ef8-9525-21f234320945,paraffin.market,available,44.49,44.49,high,low,8,namesilo,,,18/09/2026 08:24
7ebf5f75-8452-4fab-a9a8-08d37bbbf1df,tannenberg.market,available,44.49,44.49,medium,low,10,namesilo,,,22/09/2026 16:05
eb86ca55-e813-40c6-b95d-92b6a4d4d8e7,marooned.market,available,44.49,44.49,medium,low,8,namesilo,,,25/09/2026 16:58
6262a7b1-1397-458e-ab13-261800f97515,gluttonous.market,available,44.49,44.49,medium,low,10,namesilo,,,20/08/2026 15:32
14e09a5f-0888-4b05-bd51-446c2a9f5da1,auditor.market,premium,118.8,118.8,high,low,7,namesilo,,,21/09/2026 01:32
1cefc6b4-3185-41b7-b3cb-736c271e0d9b,inveterate.market,available,44.49,44.49,high,low,10,namesilo,,,22/08/2026 09:02
75b3bc42-8710-4ad0-a872-49e069fece0e,arty.market,available,44.49,44.49,medium,low,4,namesilo,,,06/08/2026 23:51
9281d29f-dc66-4d98-8846-6eae1b72b1d7,baneful.market,available,44.49,44.49,low,low,7,namesilo,,,08/08/2026 09:44
dc3a698a-11da-4534-b43c-6930dcf7c2d6,anemic.market,available,44.49,44.49,medium,low,6,namesilo,,,
128e654d-3d72-4e1f-9650-a8b911434705,bottomless.market,available,46.98,55.98,high,low,10,namecheap,,,10/08/2026 21:21
76ff6bcb-df80-49c6-8397-da4b7e6bc1b2,ixc.market,available,,,medium,low,3,,,,
7b3252ab-a4f4-443b-aca7-93c4aced5420,gonzalez.market,available,44.49,44.49,high,low,8,namesilo,,,25/09/2026 16:13
28f1f463-dc24-4664-b49a-1bfbb4b80f08,staff.market,resell,,,high,low,5,"DNSPod, Inc.",04/05/2023 15:15,04/05/2027 15:15,26/09/2026 09:15
6c6fc2da-0b8a-461f-b2b9-f78da02ea920,grub.market,resell,,,high,low,4,"Chengdu West Dimension Digital Technology Co., Ltd.",05/01/2021 02:40,05/01/2027 02:40,26/09/2026 06:31
9d3997ae-7b35-4e0c-a0c5-0f33e7d812e8,gray.market,premium,512,512,high,low,4,namesilo,,,24/09/2026 22:57
c55cb76b-606f-47bd-97ed-7bb9af3a5d83,malicious.market,available,44.49,44.49,medium,low,9,namesilo,,,24/08/2026 14:02
0761ef04-ca73-4587-92cc-785af9c2f20e,rejected.market,available,46.98,55.98,medium,low,8,namecheap,,,25/09/2026 11:50
86e34340-9e20-40b4-8c3e-a5241e995926,overs.market,available,46.98,55.98,medium,low,5,namecheap,,,20/09/2026 10:07
27f5ac9f-2555-46b4-bdc3-49bda5e7c941,crucify.market,available,46.98,55.98,medium,low,7,namecheap,,,14/08/2026 21:17
593a6d7a-e1ae-486c-956f-c3b430a03634,egocentric.market,available,44.49,44.49,medium,low,10,namesilo,,,15/08/2026 19:41
2aa99de1-a081-42ca-bb4d-0629a58b1960,foil.market,available,44.49,44.49,high,low,4,namesilo,,,09/09/2026 08:18
1a800bc7-79a0-4dec-a34a-9b7966716d72,fatuous.market,available,44.49,44.49,low,low,7,namesilo,,,07/08/2026 02:39
06a6c6aa-857e-49f0-bee0-bd0c482dfd40,abeyance.market,available,44.49,44.49,medium,low,8,namesilo,,,16/09/2026 15:20
222ea87f-e822-4816-a738-679d12a190e6,unpopular.market,available,44.49,44.49,medium,low,9,namesilo,,,12/09/2026 17:11
75fb6c82-e468-4e54-828a-4ec362613bfb,cannoneer.market,available,44.49,44.49,medium,low,9,namesilo,,,20/09/2026 11:44
059c6e31-7de5-46f4-93cd-216cd9439c06,carbonado.market,available,46.98,55.98,medium,low,9,namecheap,,,24/09/2026 00:32
16d520b8-4b31-4d1b-8a9b-c082bb27703f,somatic.market,available,44.49,44.49,high,low,7,namesilo,,,13/08/2026 01:56
0b01f70e-95ca-42ce-a251-de728c20b74e,balbriggan.market,available,46.98,55.98,medium,low,10,namecheap,,,21/09/2026 21:25
5ebe7807-ab88-4485-ae32-efb6ebc7d500,doomed.market,available,44.49,44.49,medium,low,6,namesilo,,,14/08/2026 15:57
c2bbc424-038b-41cb-8d5a-b5761c405207,anshar.market,available,44.49,44.49,medium,low,6,namesilo,,,19/09/2026 12:12
5df2e7ce-fd4d-44a7-8021-462cd5009980,pithily.market,available,46.98,55.98,medium,low,7,namecheap,,,15/09/2026 20:06
2bf50765-60fa-49af-a283-d74fcc2aba7a,snap.market,resell,,,high,medium,4,"DNSPod, Inc.",05/09/2023 15:15,05/09/2030 15:15,26/09/2026 09:06
f57641b2-078a-4840-8296-beefbc9086e5,abkhazian.market,available,44.49,44.49,medium,low,9,namesilo,,,
c4f35c50-82cb-4383-913e-0cc2848fdad9,barbet.market,available,44.49,44.49,medium,low,6,namesilo,,,22/09/2026 04:53
b35e1264-dc99-47fa-872f-128c4de24795,alpinia.market,available,46.98,55.98,medium,low,7,namecheap,,,18/09/2026 14:02
1e40c28c-1526-455c-b151-dca14b29735c,bellflower.market,available,44.49,44.49,high,low,10,namesilo,,,23/09/2026 06:06
86a5e608-7261-4321-90e7-e72b6c5182a4,gustav.market,available,46.98,55.98,medium,low,6,namecheap,,,25/09/2026 21:40
cfd80b7e-4a4c-4399-a422-8da6c066850b,oaten.market,available,44.49,44.49,medium,low,5,namesilo,,,03/09/2026 23:28
c1058cb6-b748-4de4-bc6d-afc9757ed75f,grandfathers.market,available,44.49,44.49,medium,low,12,namesilo,,,20/09/2026 22:52
a223b451-81ba-48a8-a13a-ee8331ee388a,deepening.market,available,44.49,44.49,medium,low,9,namesilo,,,13/08/2026 23:00
56c7d381-8ac6-4850-8d70-1630b43f095b,splitting.market,available,44.49,44.49,high,low,9,namesilo,,,09/09/2026 14:01
b4679917-928d-482b-8344-5036465f4e06,indigent.market,available,44.49,44.49,medium,low,8,namesilo,,,14/08/2026 04:34
b3d79c93-ec5c-47f4-81c4-05e28d496193,balsamic.market,available,44.49,44.49,high,low,8,namesilo,,,22/09/2026 16:34
4d799a92-cd07-4b95-b1b7-a219e6aaa306,sunbaked.market,available,44.49,44.49,medium,low,8,namesilo,,,
a1425108-23a6-4b2b-bde0-99404f842e54,benzene.market,available,44.49,44.49,high,low,7,namesilo,,,23/09/2026 08:52
3bf15ad4-3d59-4209-9035-d0da86a31e4a,gentlemen.market,available,44.49,44.49,high,low,9,namesilo,,,25/09/2026 17:34
473a4064-a01d-4437-a0f3-113584651f12,steeply.market,available,44.49,44.49,medium,low,7,namesilo,,,16/09/2026 06:59
275e29db-2a3c-4526-9a54-dc71f4178438,former.market,available,46.98,55.98,high,low,6,namecheap,,,24/09/2026 21:24
2ed2d07f-25f3-4c13-ab44-cd4624debb85,peep.market,available,44.49,44.49,high,low,4,namesilo,,,24/09/2026 14:07
8fcb88e6-b35b-4597-9e8a-57978db454c5,barthelme.market,available,44.49,44.49,medium,low,9,namesilo,,,22/09/2026 09:06
818bf7ca-573e-4332-ae7f-d3c0264b2993,armlet.market,available,44.49,44.49,medium,low,6,namesilo,,,20/09/2026 06:20
1491a67b-f02f-4cc5-849f-92f446be5cbd,waylay.market,available,44.49,44.49,medium,low,6,namesilo,,,18/09/2026 17:32
afa67848-62ee-4ed6-88bf-2f35c19394f1,tokyo.market,premium,512,512,high,low,5,namesilo,,,24/09/2026 12:18
227e0cfb-5330-4e42-8f1b-b3b5f669ec30,bankhead.market,available,44.49,44.49,medium,low,8,namesilo,,,22/09/2026 02:47
3c3c4fde-0d04-4f9a-b757-db4cabcab0bf,polymeric.market,available,44.49,44.49,medium,low,9,namesilo,,,08/09/2026 23:25
3f2d7352-a1ea-4ae9-bd0b-6d39733d146d,allemande.market,available,44.49,44.49,medium,low,9,namesilo,,,18/09/2026 10:46
9edee2a6-5c92-48dc-95a9-3396d8952f4e,vegetarian.market,premium,242,242,high,low,10,namesilo,,,
977ee7db-92ef-4241-9d8b-043ccbb2eafa,brutality.market,available,44.49,44.49,medium,low,9,namesilo,,,22/09/2026 04:26
3eaae23c-94e5-4c0d-af8b-037157bd3360,ratty.market,available,44.49,44.49,medium,low,5,namesilo,,,25/08/2026 06:53
1a16c47d-e92c-4984-a276-fdfda206cde9,cityfied.market,available,44.49,44.49,medium,low,8,namesilo,,,12/08/2026 08:49
290542cc-75cc-4d88-82b3-4b103c21706c,henrietta.market,available,44.49,44.49,high,low,9,namesilo,,,25/09/2026 17:42
bd9e2aa3-14c3-48d6-8672-055a83716548,yowl.market,available,44.49,44.49,medium,low,4,namesilo,,,23/09/2026 06:24
85b0de52-1601-437b-b28a-af6f86ae05f8,santa.market,resell,,,high,low,5,"DNSPod, Inc.",17/07/2024 03:51,17/07/2030 03:51,26/09/2026 08:48
3b7a8016-0b3f-43d4-9dc0-a86666cf45ed,idiom.market,available,44.49,44.49,high,low,5,namesilo,,,
fae3a23c-08cb-44f5-a7e5-6e1e53a50e9e,tried.market,available,75.99,75.99,high,low,5,godaddy,,,28/09/2026 02:21
ec486dc0-bc61-41ad-99bb-6bebf637e8c9,balzac.market,available,44.49,44.49,medium,low,6,namesilo,,,22/09/2026 00:32
d5e672b3-3355-48c1-9b4a-2aadaadd7040,abiding.market,available,44.49,44.49,high,low,7,namesilo,,,21/09/2026 13:52
d73fa491-1911-44d7-97fc-ea7fc242ee47,obsession.market,available,44.49,44.49,high,low,9,namesilo,,,28/09/2026 02:30
2dd648ec-6b5f-477d-b814-4fbbb9acb4a6,rowland.market,available,46.98,55.98,high,low,7,namecheap,,,25/09/2026 15:13
92b6d067-f31f-4856-b27c-112623af2f9e,pascal.market,available,44.49,44.49,high,low,6,namesilo,,,24/09/2026 03:44
07b66b01-28b8-421b-8307-8d01f4ea2843,hiss.market,available,44.49,44.49,medium,low,4,namesilo,,,24/09/2026 06:41
876618c6-d519-45b8-b459-57cd2079b603,vinous.market,available,44.49,44.49,medium,low,6,namesilo,,,13/09/2026 05:47
fbbd9bba-8050-4367-9c5e-a87d64363bb6,dent.market,resell,,,high,low,4,"Chengdu West Dimension Digital Technology Co., Ltd.",29/08/2023 17:24,29/08/2027 17:24,26/09/2026 05:30
9352dc8b-5ba5-4c7d-9668-fb1806b81594,specter.market,available,44.49,44.49,high,low,7,namesilo,,,08/09/2026 18:41
de9d485d-f7e8-4129-b6d9-815e5e134e5d,wagering.market,available,44.49,44.49,high,low,8,namesilo,,,25/09/2026 02:56
4cb6655e-1559-4039-bdc5-8a42020c97aa,satiated.market,available,44.49,44.49,medium,low,8,namesilo,,,09/09/2026 21:39
10391779-a8bd-4960-aa92-0c32af39f9bf,arguments.market,available,44.49,44.49,medium,low,9,namesilo,,,16/09/2026 05:03
f9b8872e-e3b0-439b-8220-abe6928644f0,silently.market,available,44.49,44.49,medium,low,8,namesilo,,,15/09/2026 15:52
3ae5d583-681f-444b-9979-96072a3b5689,distance.market,available,44.49,44.49,high,low,8,namesilo,,,
7e18ee93-4f77-4fb3-a10d-2f27a9891c41,chivalric.market,available,44.49,44.49,medium,low,9,namesilo,,,12/08/2026 06:09
1ca515c8-2ded-47bd-96a5-5bb6fad19b9f,intention.market,available,44.49,44.49,high,low,9,namesilo,,,22/08/2026 07:55
fe8b5140-6257-492e-bd09-f6e9ef178f1e,apologia.market,available,44.49,44.49,medium,low,8,namesilo,,,19/09/2026 18:44
5c008d75-3c6b-4e0a-a8a7-d75681c972e7,seperation.market,available,44.49,44.49,low,low,10,namesilo,,,18/09/2026 17:16
718fae8e-0f1d-4737-b685-84c19d3ef2a9,basileus.market,available,44.49,44.49,medium,low,8,namesilo,,,22/09/2026 10:47
d787da76-b35c-4ae5-9c5a-a9ab2f82e29a,abasic.market,available,44.49,44.49,medium,low,6,namesilo,,,
bbb3533b-cd37-4ae7-aaae-ee89148eb005,magazine.market,premium,512,512,high,low,8,namesilo,,,25/09/2026 04:04
736acfb0-48fa-4317-8724-e05f5331daef,milch.market,available,44.49,44.49,medium,low,5,namesilo,,,24/08/2026 22:55
4b6c20ad-e06c-4019-b225-6a5f112de80c,daydreams.market,available,46.98,55.98,medium,low,9,namecheap,,,19/09/2026 21:17
6faad876-e1c4-4686-ac5d-14a1ebb50ebf,cunningham.market,available,44.49,44.49,high,low,10,namesilo,,,25/09/2026 04:27
2e012afb-c24a-478b-a926-5db5aede6792,pentium.market,available,44.49,44.49,high,low,7,namesilo,,,
89afc4d1-0105-448a-b11d-e1bd1d734409,danced.market,available,46.98,55.98,medium,low,6,namecheap,,,27/09/2026 10:43
4298e91c-70e0-4213-ab01-53e2ab0fc193,araguaia.market,available,44.49,44.49,medium,low,8,namesilo,,,19/09/2026 23:45
51f92f18-b133-4ea8-a9e6-3ffcbae607eb,lucerne.market,available,44.49,44.49,high,low,7,namesilo,,,18/09/2026 06:08
7caf14fe-d508-42cb-af51-40a7ddf7c6d7,handbasket.market,available,44.49,44.49,medium,low,10,namesilo,,,22/09/2026 11:03
90387e52-e494-46bf-99ef-f1bb39719433,attitude.market,available,44.49,44.49,high,low,8,namesilo,,,
700895ba-ed4f-410d-af66-cd306c377c2d,hunted.market,available,44.49,44.49,medium,low,6,namesilo,,,21/08/2026 15:43
1e31f892-de14-4c7e-91f7-d94e60038952,pathogenic.market,available,44.49,44.49,medium,low,10,namesilo,,,22/08/2026 04:17
5efbc54b-c553-4a1c-a089-5257984b35cf,respectfully.market,available,44.49,44.49,high,low,12,namesilo,,,
3ffcdbae-f5f9-47e5-b3ff-ba22b8236f79,perks.market,available,46.98,55.98,medium,low,5,namecheap,,,20/09/2026 14:58
05fd59ca-99ec-4e0c-80b0-ad5629f408f2,darius.market,available,44.49,44.49,medium,low,6,namesilo,,,27/09/2026 07:28
f38bb604-7480-42d0-a4d3-49a8b55cee5f,economic.market,premium,520,520,high,low,8,namecheap,,,24/09/2026 13:22
dc1de437-243c-47b6-9406-38ad7caf3168,astonished.market,available,44.49,44.49,high,low,10,namesilo,,,22/09/2026 03:35
dcdd4899-fdb6-4e5d-8e3d-00c7e0374759,riddled.market,available,44.49,44.49,medium,low,7,namesilo,,,09/09/2026 17:19
7b5af147-11bb-44dc-acf8-8a8c14eb806f,narial.market,available,44.49,44.49,medium,low,6,namesilo,,,03/09/2026 13:14
3d1daf02-52a3-406b-a9ca-375e6da3d1ed,wireless.market,premium,118.8,118.8,high,low,8,namesilo,,,27/09/2026 09:37
765570c2-e9bd-465d-95cd-dd45137282a8,montreal.market,premium,500,,high,low,8,name.com,,,
91d79990-9618-4f15-b6a8-21d73a03ff6c,concise.market,available,46.98,55.98,high,low,7,namecheap,,,23/09/2026 19:03
35c3cf53-c0b4-4ade-b8b7-9e87771b1755,kim.market,premium,520,520,high,low,3,namecheap,,,25/09/2026 19:17
99d2ffc0-870e-4401-9084-68b5fa2ac18c,jumpy.market,available,44.49,44.49,medium,low,5,namesilo,,,11/08/2026 09:53
62fd292d-716b-4c77-807d-900f57a4a174,midwestern.market,premium,118.8,118.8,high,low,10,namesilo,,,24/08/2026 22:41
c9c01734-c20e-4c83-9878-dceb603cd862,inches.market,available,44.49,44.49,low,low,6,namesilo,,,25/09/2026 20:47
81fcdbd5-082e-4cd2-bd09-d4828a88328b,newtonian.market,available,44.49,44.49,medium,low,9,namesilo,,,03/09/2026 16:55
6361da38-e84b-42bb-bcd6-36b8c35bc03f,nonplussed.market,available,44.49,44.49,medium,low,10,namesilo,,,07/08/2026 10:48
b3e82f2d-a42d-4dc8-8677-93b7408888c4,untainted.market,available,46.98,55.98,medium,low,9,namecheap,,,10/09/2026 18:22
637ceb8f-f81f-4003-840d-6cb5916a6492,cutting.market,available,64.99,64.99,high,low,7,name.com,,,13/08/2026 13:12
2ede58e0-794a-43ef-a0f3-1f26a0328ea8,unfixed.market,available,44.49,44.49,medium,low,7,namesilo,,,12/09/2026 10:28
596fff69-f70f-4c47-8c68-b14f2e292d77,betula.market,available,46.98,55.98,medium,low,6,namecheap,,,23/09/2026 11:52
45b05301-23d5-4681-9300-89eca8657c97,tempting.market,available,44.49,44.49,high,low,8,namesilo,,,22/09/2026 01:44
2a3bb076-fce3-4cfb-9e97-959be230e9e2,cardinal.market,available,46.98,55.98,high,low,8,namecheap,,,11/08/2026 18:54
c0a28da8-5b0d-4ce8-88c4-331b106bc481,midwife.market,available,44.49,44.49,high,low,7,namesilo,,,16/09/2026 23:05
14e2e268-0e72-43bb-be61-9b1113b1a870,baseborn.market,available,44.49,44.49,low,low,8,namesilo,,,08/08/2026 21:34
86bbe3c2-d78a-448b-af99-d1c874102ab3,condolence.market,available,44.49,44.49,high,low,10,namesilo,,,
b6c976da-3593-4390-98f7-bda15a8dc41d,actinia.market,available,44.49,44.49,medium,low,7,namesilo,,,17/09/2026 04:43
009f1648-257e-4387-966d-4eb4101df3a2,scallops.market,available,44.49,44.49,medium,low,8,namesilo,,,19/09/2026 23:48
a2fc9455-f41d-49b3-aede-15936b422d50,interests.market,premium,242,242,high,low,9,namesilo,,,25/09/2026 16:44
6d71a58c-b5cf-4459-8a15-8c680df75557,quieted.market,available,44.49,44.49,medium,low,7,namesilo,,,20/09/2026 16:24
c425421d-f5cd-4335-afdf-8ba251bbf35b,alsatia.market,available,44.49,44.49,medium,low,7,namesilo,,,18/09/2026 14:16
e47541c0-ba1d-45a2-b7ec-3537007abaf3,marco.market,available,44.49,44.49,high,low,5,namesilo,,,
716dd30c-8c5d-4dab-b496-c2d06f5e3016,curfew.market,available,46.98,55.98,medium,low,6,namecheap,,,24/09/2026 20:27
437e98e9-14d4-402a-9fd1-8cd7ea8a5794,sparing.market,available,44.49,44.49,high,low,7,namesilo,,,18/08/2026 16:58
5dc92459-3273-4f7b-8df3-08ee4667e076,folks.market,available,46.98,55.98,high,low,5,namecheap,,,24/09/2026 16:34
2514d478-50c4-4592-bf7b-10fb1a22f1c4,cells.market,available,55.98,,high,low,5,namecheap,,,
ca881dbd-ce2e-45bd-a4bf-867dff287a63,lithuania.market,available,,,high,high,9,,,,
957a7803-7d95-492e-b8cc-f5bca2b47ab4,koestler.market,available,44.49,44.49,medium,low,8,namesilo,,,20/09/2026 10:57
c683b9ad-a49d-4eea-9b67-4645bf147556,despondent.market,available,44.49,44.49,medium,low,10,namesilo,,,24/09/2026 06:51
eda33b7f-b735-449b-a3a8-69b2b17e0d4c,festal.market,available,44.49,44.49,medium,low,6,namesilo,,,18/08/2026 02:13
1f3ce4db-ea4a-4d6f-b696-9c2eaafc2850,clever.market,resell,,,high,medium,6,"DNSPod, Inc.",24/11/2020 06:55,24/11/2030 06:55,26/09/2026 04:59
f2e50c67-f405-4b9d-b178-860d9268f2e1,kiev.market,premium,118.8,118.8,high,low,4,namesilo,,,
bbc6b1b3-ce81-4b95-b698-3f33667375e6,gimp.market,available,44.49,44.49,medium,low,4,namesilo,,,23/08/2026 13:28
ad89d8cf-cd1e-4377-9a7e-ccf5a10dfe94,argument.market,available,44.49,44.49,high,low,8,namesilo,,,20/09/2026 04:49
c3732caa-3c90-433d-88e2-f0a1e0e1b03a,driving.market,available,46.98,55.98,high,low,7,namecheap,,,24/09/2026 12:10
167e864e-0af8-4a4c-a7ba-e1cd79abfc15,unreactive.market,available,46.98,55.98,medium,low,10,namecheap,,,12/09/2026 17:50
1a9fd6a5-d564-468e-b25f-b6164063db1b,laying.market,available,44.49,44.49,high,low,6,namesilo,,,25/09/2026 22:34
b1a5755e-4164-4227-8fc0-ea3ab0ae9ad1,cissy.market,available,44.49,44.49,medium,low,5,namesilo,,,12/08/2026 08:40
93d69066-ef7f-4b40-bb91-16917b349775,offline.market,premium,118.8,118.8,high,medium,8,namesilo,,,04/09/2026 01:13
5de9bdcf-254e-4582-ba37-2314567f5923,egotistic.market,available,46.98,55.98,medium,low,9,namecheap,,,12/08/2026 19:55
a25639af-45ff-4f30-898b-c0defff24488,combination.market,available,46.98,55.98,high,low,11,namecheap,,,27/09/2026 02:14
03c160c0-521e-40b4-a02a-c59489baae81,benevolent.market,available,44.49,44.49,high,low,10,namesilo,,,09/08/2026 14:27
dd1d849f-d8e4-45b5-908c-cc422afd97fc,waitress.market,available,34.2,34.2,high,low,8,cloudflare,,,27/09/2026 16:14
b787505c-7dbb-4e6d-b4a3-f0c62d2ffba1,humongous.market,available,44.49,44.49,medium,low,9,namesilo,,,08/08/2026 12:58
b577dca4-13a9-45e9-afc2-7d5b3daf3e71,impromptu.market,available,46.98,55.98,high,low,9,namecheap,,,
77f4e3eb-667b-44d9-981e-03a823400b98,untaught.market,available,46.98,55.98,medium,low,8,namecheap,,,12/09/2026 18:56
4e5cb524-487a-4c40-8171-b006b0d686ba,snotty.market,available,44.49,44.49,medium,low,6,namesilo,,,09/08/2026 20:42
0e8bc0fb-638f-4088-94b5-28c33ee624ca,antsy.market,available,44.49,44.49,medium,low,5,namesilo,,,05/08/2026 20:27
09f5e9d6-5f22-4b50-a923-8bf99232811b,shark.market,resell,,,high,low,5,"Xiamen ChinaSource Internet Service Co., Ltd",10/05/2021 05:39,10/05/2027 05:39,26/09/2026 08:58
89ab0658-b340-42f0-aace-6b35743f0862,yellowish.market,available,44.49,44.49,high,low,9,namesilo,,,13/09/2026 13:59
aa82ae9e-51fc-4a45-bcd7-9e65570d0246,eagerly.market,available,44.49,44.49,high,low,7,namesilo,,,14/09/2026 14:54
2f20a373-7d20-4c92-adb1-2815879f5036,throwaway.market,available,44.49,44.49,medium,low,9,namesilo,,,11/08/2026 05:13
69c8a6d2-b882-43f2-93b0-ce0d6ed58a14,libidinous.market,available,46.98,55.98,medium,low,10,namecheap,,,22/08/2026 20:09
e56c3940-6c25-4ff3-b701-21b3b132ca71,legitimate.market,available,44.49,44.49,high,low,10,namesilo,,,22/08/2026 23:04
53fc6082-364b-4fa9-bcad-52250a5ed743,fig.market,premium,500,,high,low,3,name.com,,,
587b990c-3732-4033-aa1f-259d8285e67f,unstylish.market,available,44.49,44.49,medium,low,9,namesilo,,,10/09/2026 23:17
6d1db237-eb2c-4e5f-af94-85bc4f5f85dd,intrepidly.market,available,44.49,44.49,medium,low,10,namesilo,,,14/09/2026 10:53
42b1e97f-fe3c-4fb9-bebe-3a741711d9c9,tenured.market,available,44.49,44.49,medium,low,7,namesilo,,,11/09/2026 11:43
85cc9bb3-9486-4c9b-85ae-80907ea1f59a,underwear.market,resell,,,high,low,9,"Chengdu West Dimension Digital Technology Co., Ltd.",15/02/2022 13:15,15/02/2027 13:15,26/09/2026 09:51
9e13c924-60bd-467c-b6c1-a056a9699d74,smithsonian.market,available,46.98,55.98,high,low,11,namecheap,,,25/09/2026 12:40
7bca78a0-c9ca-4b23-ac63-9da5bab45028,niebuhr.market,available,44.49,44.49,medium,low,7,namesilo,,,22/09/2026 09:08
c7e54dd8-b93b-4d22-a1dc-a84d749eeb26,gettysburg.market,available,44.49,44.49,medium,low,10,namesilo,,,22/09/2026 15:05
b7a735a0-dcca-4fb4-bdc1-56cc9c455c62,disused.market,available,44.49,44.49,medium,low,7,namesilo,,,14/08/2026 13:28
179d2753-7626-4d08-ad7a-9fd0140a3704,arouet.market,available,44.49,44.49,medium,low,6,namesilo,,,20/09/2026 08:30
a19dcb8e-205a-4d94-8dcc-9840b27ae950,photographer.market,premium,118.8,118.8,high,low,12,namesilo,,,27/09/2026 06:12
99a30dc3-31e0-4fbf-b37c-5a498853344d,faded.market,available,44.49,44.49,high,low,5,namesilo,,,22/09/2026 11:25
4c51c162-a630-471e-a22d-08f4de55098e,unmelted.market,available,44.49,44.49,low,low,8,namesilo,,,12/09/2026 15:35
92ece96b-8086-4f59-a87d-b25c63a08b6b,exportable.market,available,44.49,44.49,high,low,10,namesilo,,,17/08/2026 18:35
33dc17ca-08fb-4e0e-8736-c4c3f3b043e0,holmes.market,available,44.49,44.49,high,low,6,namesilo,,,20/09/2026 10:51
a80eaf8b-0f2a-403d-9e6c-2eb7de7f3a8e,check.market,premium,512,512,high,medium,5,namesilo,,,04/09/2026 07:44
5b85b53b-262a-4098-babc-5e3b608ac016,highway.market,available,44.49,44.49,high,low,7,namesilo,,,
94db1f04-8b0c-4dbe-bfb7-cfc0391797ff,flashily.market,available,46.98,55.98,medium,low,8,namecheap,,,14/09/2026 18:54
4f381149-3db1-4a79-bc60-16a114045e0c,decide.market,premium,118.8,118.8,high,low,6,namesilo,,,
ce8b7c0a-d0ff-4fe5-894b-d55aa8b66a88,agha.market,available,44.49,44.49,medium,low,4,namesilo,,,17/09/2026 15:59
a5dd6461-ed7c-4877-93ff-7a1a0463684f,stinging.market,available,64.99,64.99,medium,low,8,name.com,,,13/08/2026 13:17
15a9b2fd-1c5c-4ea7-9e79-2660a027cb33,stoical.market,available,46.98,55.98,medium,low,7,namecheap,,,10/09/2026 20:59
74da5dd7-25db-40e5-9aa7-b1ec12a4f86c,ted.market,premium,123.75,,high,low,3,name.com,,,
2ff0a1fc-be60-4b02-b802-2bc16a635104,donation.market,available,44.49,44.49,high,low,8,namesilo,,,
60928c7e-57d7-4068-9c17-5823b790862c,decisively.market,available,44.49,44.49,medium,low,10,namesilo,,,14/09/2026 11:10
b6bd60e8-dc7f-4192-9bbc-51483ceee57c,regulatory.market,available,44.49,44.49,high,low,10,namesilo,,,09/09/2026 13:17
a6f6b222-f7f8-400c-b751-3debac2563e0,joyously.market,available,46.98,55.98,high,low,8,namecheap,,,14/09/2026 21:30
b82d4e7a-82a3-4f95-b424-e0fa4eb282ff,osmotic.market,available,46.98,55.98,medium,low,7,namecheap,,,04/09/2026 18:15
61bb26bd-463f-4eca-87cf-14ac59cb7ecf,airstrip.market,available,44.49,44.49,high,low,8,namesilo,,,17/09/2026 23:24
da7eb13e-944a-404a-8103-4c3408e9dba5,astrodome.market,available,44.49,44.49,medium,low,9,namesilo,,,20/09/2026 17:37
15995cf4-d8ae-4222-8c3e-e701c30ae21b,abnormalcy.market,available,44.49,44.49,medium,low,10,namesilo,,,16/09/2026 16:19
e9abfec4-4689-4d00-837a-26adc67fe64e,barred.market,available,44.49,44.49,medium,low,6,namesilo,,,08/08/2026 20:37
d237552a-bba9-4547-9d79-b8ba376913bf,justly.market,available,44.49,44.49,medium,low,6,namesilo,,,15/09/2026 10:18
32503ef8-fb33-437a-8e00-06b1889cf2e1,washing.market,available,44.49,44.49,high,low,7,namesilo,,,
c3a71821-e6f8-47a6-a868-f396a2455b63,poky.market,available,44.49,44.49,medium,low,4,namesilo,,,14/08/2026 07:34
ead1b5fd-4aa5-471c-9293-9ef2fa7aa20e,oceangoing.market,available,44.49,44.49,medium,low,10,namesilo,,,04/09/2026 00:20
6d233ef6-2127-4dc8-81f5-fd217bde88bf,carolean.market,available,46.98,55.98,medium,low,8,namecheap,,,11/08/2026 19:31
ac5ab772-1677-4b94-b0e1-87c487ba9a44,glowingly.market,available,44.49,44.49,medium,low,9,namesilo,,,14/09/2026 21:48
2e307585-8454-4df7-99d2-cab98561fbc3,felted.market,available,44.49,44.49,medium,low,6,namesilo,,,18/08/2026 01:00
64d24560-2025-40af-bdf8-ecf56f871ec8,plastered.market,available,44.49,44.49,medium,low,9,namesilo,,,09/08/2026 15:43
e235ff4b-69af-4a3d-b08e-469a8f5b4b75,lavender.market,available,46.98,55.98,high,low,8,namecheap,,,22/08/2026 21:02
1cc0c16f-1ad3-4bfb-9f0f-a9af6968d0ed,principle.market,available,35.39,35.39,high,low,9,spaceship,,,27/09/2026 15:26
ae97db1f-d897-41ff-9c10-2db77402e35c,tributary.market,available,46.98,55.98,high,low,9,namecheap,,,12/08/2026 20:32
ab569b85-7985-4c1c-b509-c042d28818aa,parishes.market,available,44.49,44.49,medium,low,8,namesilo,,,18/09/2026 08:08
376caca0-c3d7-4490-ba50-286cfed23a4d,playful.market,available,46.98,55.98,high,low,7,namecheap,,,08/09/2026 20:58
e2acfb06-3bac-400d-b695-fb81710013d6,selfmade.market,available,44.49,44.49,high,low,9,namesilo,,,10/09/2026 02:03
f8d0b65b-8449-40da-accb-0bb2fc54a3c6,asia.market,available,,,high,low,4,,,,
85e3a7a4-6a53-4763-aa1a-00429512cc3a,arriver.market,available,44.49,44.49,medium,low,7,namesilo,,,20/09/2026 09:16
160cc853-be94-4634-ae35-a19a80f012e5,accident.market,available,44.49,44.49,high,low,8,namesilo,,,
5ef50ed4-de8d-405e-b75d-322cc9b83278,favorite.market,premium,242,242,high,low,8,namesilo,,,24/09/2026 04:33
d23d1301-3648-4782-b6a9-61c45e603669,posture.market,available,44.49,44.49,high,low,7,namesilo,,,23/09/2026 02:51
ed809295-fe44-4dc5-aaab-94df5818b5b7,stated.market,available,46.98,55.98,high,low,6,namecheap,,,10/09/2026 19:08
821997cd-1841-4dc1-985c-68a9d13af649,runabout.market,available,44.49,44.49,medium,low,9,namesilo,,,
ad5a51bc-9510-4728-8683-260432e5cfe2,babbling.market,available,44.49,44.49,high,low,8,namesilo,,,21/09/2026 12:23
6d7968f3-0147-41c5-a391-61508640cf6d,autologous.market,available,44.49,44.49,medium,low,10,namesilo,,,07/08/2026 20:37
aeb442e2-ca3d-4202-a052-b1190355592d,bimonthly.market,available,44.49,44.49,high,low,9,namesilo,,,09/08/2026 22:42
aa5376ab-e2d9-429f-8101-1dd9b73a2ee9,flexuous.market,available,44.49,44.49,medium,low,8,namesilo,,,18/08/2026 08:08
d1248a86-5a40-46b3-90d5-ebb7f8ca48f1,renunciant.market,available,44.49,44.49,medium,low,10,namesilo,,,09/09/2026 14:23
8965e21f-1051-4a2c-bbf4-322a24727d24,excites.market,available,44.49,44.49,medium,low,7,namesilo,,,20/09/2026 13:19
dbdb8333-4820-4f18-af33-11fa91745c5f,trackable.market,available,44.49,44.49,high,low,9,namesilo,,,11/09/2026 18:37
ede3472a-0169-44f1-8237-a9c1e70746f7,laura.market,available,44.49,44.49,high,low,5,namesilo,,,
2aca0dfd-ad07-4d18-9c17-977f8356a86b,handwoven.market,available,44.49,44.49,medium,low,9,namesilo,,,20/08/2026 23:19
e4ca2d6b-9e31-4746-a4cc-e9e3f256e4b9,sailor.market,available,55.98,,high,low,6,namecheap,,,
aa101927-12ce-4292-8d6a-8f4a71427ba2,torrential.market,available,46.98,55.98,medium,low,10,namecheap,,,11/09/2026 17:57
b6207e86-6311-40f2-92f3-b42c719fb643,votes.market,available,44.49,44.49,medium,low,5,namesilo,,,17/09/2026 13:26
0eebffba-0bbe-4866-8030-b7fdf92ec495,birdwatch.market,available,46.98,55.98,high,low,9,namecheap,,,23/09/2026 19:35
07c330cb-c4c1-42f8-a5ff-65603e337205,potpourri.market,available,44.49,44.49,medium,low,9,namesilo,,,25/08/2026 08:24
1a7fc4a7-6894-4423-887c-9e014fca5c9c,fourteen.market,available,44.49,44.49,high,low,8,namesilo,,,21/09/2026 11:38
f5ab3ae3-d084-4795-9a5d-5806b02ab47d,successful.market,premium,242,242,high,low,10,namesilo,,,28/09/2026 01:49
e464087c-4136-407e-a5a2-c1043e716c19,flip.market,resell,,,high,medium,4,"NameSilo, LLC",19/07/2020 04:04,19/07/2027 04:04,26/09/2026 06:08
0310808d-f526-4cc2-904e-ff1aa7591d09,shiner.market,available,44.49,44.49,medium,low,6,namesilo,,,24/09/2026 00:40
c186c8d1-27f6-4849-8737-563cd6317f00,dream.market,premium,242,242,high,medium,5,namesilo,,,
d03fe47a-1f49-4217-8814-68fb38bb97cc,endogenous.market,available,44.49,44.49,medium,low,10,namesilo,,,17/08/2026 01:15
ef093827-146f-4ff9-9213-78c1f87f19ba,robertson.market,available,44.49,44.49,high,low,9,namesilo,,,25/09/2026 09:45
8cf161b8-3aea-4b06-a11e-f91f3707cd7c,jockstrap.market,available,46.98,55.98,medium,low,9,namecheap,,,20/09/2026 21:10
4cb04836-f68b-496a-930e-9374df0ce9f8,munro.market,available,35.39,35.39,high,low,5,spaceship,,,27/09/2026 13:53
e9ffc1e8-4dfb-4c9a-88e2-71f1ac3ebb15,woodsy.market,available,44.49,44.49,high,low,6,namesilo,,,06/08/2026 13:04
6e016979-fb3f-48d7-b7b5-7e0228b024c3,pinnacle.market,available,46.98,55.98,high,low,8,namecheap,,,24/08/2026 20:50
d5cb2a8a-3cf2-4042-9a1a-5e4a3025c3e2,apathy.market,available,46.98,55.98,medium,low,6,namecheap,,,19/09/2026 16:17
11343633-2f6f-4eaa-9c29-d9ee2a36d658,araneae.market,available,64.99,64.99,medium,low,7,name.com,,,20/09/2026 00:06
12ffa96b-7ec3-4fde-a80c-cfec4c4d7b1d,daniel.market,available,55.98,,high,medium,6,namecheap,,,
3901077a-f946-4b28-9581-ed1b15dafcdd,tennyson.market,available,44.49,44.49,medium,low,8,namesilo,,,18/09/2026 06:38
2711c210-b086-4cda-b72e-62e9aa1d9843,cypher.market,available,,,high,medium,6,,,,
91b2fc00-f765-43a0-8fdf-1d39f995cef3,incertain.market,available,44.49,44.49,medium,low,9,namesilo,,,22/08/2026 01:10
7150fe65-cb89-4de1-b880-f91d898d2676,rueful.market,available,44.49,44.49,medium,low,6,namesilo,,,12/08/2026 23:38
b6c76e96-2a00-4b2f-8091-b6da63684d16,anuran.market,available,44.49,44.49,medium,low,6,namesilo,,,05/08/2026 20:48
57176149-6189-409e-ac03-04479bbbd426,lovesome.market,available,44.49,44.49,medium,low,8,namesilo,,,
b3d36501-97fc-4dcc-9a5e-10984ecc5179,biretta.market,available,44.49,44.49,medium,low,7,namesilo,,,23/09/2026 10:06
dc311650-b374-4976-845a-2827067472ad,augend.market,available,46.98,55.98,medium,low,6,namecheap,,,21/09/2026 03:16
2a0410d6-2d59-4194-b383-d6d453575573,hueless.market,available,44.49,44.49,medium,low,7,namesilo,,,21/08/2026 14:36
efa087bc-8e23-4c46-81e3-a10bb48d9bb1,offroader.market,available,44.49,44.49,medium,low,10,namesilo,,,18/09/2026 09:00
91ac934f-27d3-4e47-9af7-11944bacb291,teachable.market,available,44.49,44.49,high,low,9,namesilo,,,11/09/2026 09:34
38511cf1-4eae-477c-b7e4-0a884729b42f,ignescent.market,available,46.98,55.98,medium,low,9,namecheap,,,21/08/2026 18:22
8a2856d1-4e35-4cf0-a5d1-63ac017e42aa,ruinous.market,available,44.49,44.49,medium,low,7,namesilo,,,10/08/2026 13:28
8409d00a-5287-41d6-9965-5670852e331b,carlton.market,available,44.49,44.49,high,low,7,namesilo,,,25/09/2026 15:21
28deb1a2-30fe-414a-87df-1a71a0de0ae8,clipboards.market,available,44.49,44.49,medium,low,10,namesilo,,,20/09/2026 11:59
1a865c13-48a9-4fd0-b2bd-192e4fd493c0,females.market,available,46.98,55.98,medium,low,7,namecheap,,,18/09/2026 19:27
7602907c-ebd1-4bd9-a811-d2870dc3fa0c,backgrounds.market,available,44.49,44.49,medium,low,11,namesilo,,,20/09/2026 22:12
b37914a1-ae87-40f9-a461-c5bc73a66532,scrubby.market,available,44.49,44.49,medium,low,7,namesilo,,,09/09/2026 23:39
3d8104b7-d24e-4c35-a04b-e2a0a191515e,broadly.market,available,44.49,44.49,medium,low,7,namesilo,,,
460b9332-14e8-45b2-8317-c1c2fb5c6411,unassured.market,available,44.49,44.49,medium,low,9,namesilo,,,12/09/2026 01:14
15ab7e02-2eea-49d6-8801-2330ad7f9afd,clannish.market,available,44.49,44.49,medium,low,8,namesilo,,,12/08/2026 09:35
d6bdd019-39b8-4752-b0ae-4707df71abc5,dated.market,available,64.99,64.99,medium,low,5,name.com,,,13/08/2026 18:40
cf504b5a-c67a-4192-82b6-8ebdf4ba07df,regularly.market,available,44.49,44.49,medium,low,9,namesilo,,,15/09/2026 17:25
1d86f894-3e16-4849-bd85-25d3da10afa8,hitter.market,available,46.98,55.98,high,low,6,namecheap,,,22/09/2026 14:18
ab274b54-d8d6-446b-bed6-e8be153c4c95,sax.market,premium,71.4,71.4,high,low,3,namesilo,,,17/09/2026 09:36
e94f29bf-8101-43d1-88df-569263107740,mesolithic.market,available,46.98,55.98,medium,low,10,namecheap,,,24/08/2026 21:17
eb2d6fcf-e442-43de-9068-78b8293c3551,perry.market,available,44.49,44.49,high,low,5,namesilo,,,24/09/2026 16:31
c34ec36b-11cd-4d03-8845-95094b93d3ae,tilden.market,available,44.49,44.49,medium,low,6,namesilo,,,23/09/2026 14:08
901beb07-cb78-4e4e-a9c4-abdc5890cc44,pretending.market,available,44.49,44.49,high,low,10,namesilo,,,
78a051a3-706b-4f24-8cd7-58ed82d3e5a3,camail.market,available,44.49,44.49,medium,low,6,namesilo,,,21/09/2026 09:01
e3140c45-adb2-453c-ac06-cf12ba5f77eb,xxxvii.market,available,44.49,44.49,medium,low,6,namesilo,,,
52b9b189-28ab-470d-a4be-d58960169385,aquanaut.market,available,46.98,55.98,medium,low,8,namecheap,,,19/09/2026 22:57
49bb0d0d-b7f2-4de4-bc14-71e78cc10d5c,stat.market,premium,500,,high,low,4,name.com,,,
a51ca44a-c85b-44ec-b054-b00c0b73327b,bitterroot.market,available,44.49,44.49,medium,low,10,namesilo,,,23/09/2026 23:08
8c99b060-80ae-43a7-b8a4-265a5b0e024b,blaster.market,available,44.49,44.49,high,low,7,namesilo,,,24/09/2026 04:22
a0eb95db-1615-4f52-b5c7-ede82c39b866,browbeat.market,available,44.49,44.49,medium,low,8,namesilo,,,11/08/2026 08:53
1d9c67a0-3eb3-4ef4-83f6-a74d1f60d6f7,oddish.market,available,44.49,44.49,low,low,6,namesilo,,,04/09/2026 00:50
3f832170-4255-4606-b31a-051aab4d7df6,ferned.market,available,44.49,44.49,medium,low,6,namesilo,,,18/08/2026 01:58
b1bb0292-5cf7-4440-ab2b-408f0765db31,manifest.market,available,,,high,medium,8,,,,
e4024fee-c912-4ed3-86ef-0543e13dee21,shuddering.market,available,44.49,44.49,medium,low,10,namesilo,,,10/09/2026 07:02
a0314156-aa65-4558-836f-ac08c258c3ad,squawker.market,available,44.49,44.49,medium,low,8,namesilo,,,23/09/2026 06:50
0996d78f-52c9-469b-8606-43c551f42f07,national.market,premium,1107,1107,high,medium,8,namesilo,,,25/09/2026 22:55
8ddd9a9d-7551-4deb-97ce-15d495f055d2,strongly.market,available,44.49,44.49,high,low,8,namesilo,,,
0d05b14e-a4ea-4a53-a2dc-480b7cf9a7c1,relevance.market,available,44.49,44.49,high,low,9,namesilo,,,
dc83f5f6-c7bf-4028-a4ce-e4d8daf3c466,goldberg.market,available,46.98,55.98,high,low,8,namecheap,,,25/09/2026 06:35
31e38686-85c6-4dd9-ae64-b149a685985f,ginger.market,premium,118.8,118.8,high,low,6,namesilo,,,18/08/2026 23:51
61519876-96f0-47f1-bfef-2d0736903b06,turkish.market,premium,500,500,medium,low,7,name.com,,,11/09/2026 21:18
5652eec6-7cb3-4a8c-a8a3-b28769522816,brushed.market,available,44.49,44.49,high,low,7,namesilo,,,11/08/2026 06:58
b449c62d-90e4-4e04-a2ab-4ddd7c8884df,sedative.market,available,44.49,44.49,high,low,8,namesilo,,,22/09/2026 10:55
f65897d1-1038-40dd-9d13-afcc2fa16e8e,sweetish.market,available,44.49,44.49,medium,low,8,namesilo,,,11/09/2026 05:36
1b9f8701-b9d9-4810-96dc-692c395d1f12,passenger.market,available,44.49,44.49,high,low,9,namesilo,,,27/09/2026 04:56
80546a62-225f-4a5d-be7a-9e17e149df75,wordplay.market,available,44.49,44.49,high,low,9,namesilo,,,
cf418216-c263-4363-a6c8-9e2cd65d1b54,flushed.market,available,44.49,44.49,high,low,7,namesilo,,,18/08/2026 09:26
54308d96-f5f3-46ad-ac13-2e53d8e049e8,localised.market,available,44.49,44.49,medium,low,9,namesilo,,,24/08/2026 08:47
5e0e6baa-d847-47ee-bdd3-d230d7ae2eb0,cleveland.market,premium,1107,1107,high,low,9,namesilo,,,
f41ffd30-e8c5-4bbc-8a55-1a2ba8059144,lap.market,available,75.99,75.99,high,low,3,godaddy,,,28/09/2026 02:11
69ea8b52-d31b-4f32-b35c-f7166c58ae33,cent.market,premium,500,500,high,low,4,name.com,,,08/09/2026 08:07
465448d8-3543-4e0b-853e-64d95e0dfe21,bookish.market,available,46.98,55.98,high,low,7,namecheap,,,10/08/2026 19:09
e2fe39f3-4c07-4b0f-aec3-a8e3e9e9a12e,ascendent.market,available,44.49,44.49,medium,low,9,namesilo,,,
94cda940-f446-48b4-bea0-f3df0266e014,grating.market,available,46.98,55.98,medium,low,7,namecheap,,,20/08/2026 18:26
79a20178-bc3b-4ac2-853f-12d80120225c,wisdoms.market,available,46.98,55.98,medium,low,7,namecheap,,,21/09/2026 10:19
94417b10-0613-49ee-b768-d95d9195daae,spf.market,available,46.98,55.98,high,low,3,namecheap,,,25/09/2026 17:19
d0baf576-4abf-44a3-ba2b-6fa28b2e572f,unrecorded.market,available,44.49,44.49,medium,low,10,namesilo,,,24/08/2026 07:46
6588998f-53a4-46b3-9f77-d7f8efe97e3d,pavlova.market,available,46.98,55.98,medium,low,7,namecheap,,,19/09/2026 10:01
3253150b-c171-4747-b7e5-603e6f3cd670,asepsis.market,available,44.49,44.49,medium,low,7,namesilo,,,19/09/2026 15:02
3b65ea25-35b9-4663-8116-06c9caf861d3,apus.market,available,44.49,44.49,medium,low,4,namesilo,,,19/09/2026 22:43
92eb2895-6af9-41d1-8c36-8969f792bf6e,germicidal.market,available,44.49,44.49,medium,low,10,namesilo,,,08/08/2026 07:07
f3755dc8-c8a5-43be-bef7-35fe3b7917b2,tubeless.market,available,46.98,55.98,medium,low,8,namecheap,,,11/09/2026 20:58
fdea8c12-c948-4763-b107-c3e030e78554,notions.market,available,44.49,44.49,medium,low,7,namesilo,,,
83ce0882-cf38-4467-b220-d813ef4338b6,applause.market,available,46.98,55.98,high,low,8,namecheap,,,19/09/2026 20:55
db0fd6ae-7ed0-41c3-bd38-ea607790119d,suspended.market,available,44.49,44.49,medium,low,9,namesilo,,,11/09/2026 04:55
11c0b014-65cf-4a96-b65e-53d37f27b71b,dinkey.market,available,44.49,44.49,medium,low,6,namesilo,,,14/08/2026 08:16
d814fa8f-1b7c-4fc9-ab34-0f889cca1092,salubrious.market,available,44.49,44.49,high,low,10,namesilo,,,20/08/2026 16:33
f96b5268-9179-4711-9b43-32df15560406,laudable.market,available,44.49,44.49,medium,low,8,namesilo,,,06/08/2026 07:01
9749b3fd-014d-4891-83a7-709e7baf6d36,hadean.market,available,46.98,55.98,medium,low,6,namecheap,,,20/08/2026 21:32
63a074f2-6095-4e30-8fa2-1fefef923ec6,variations.market,available,46.98,55.98,medium,low,10,namecheap,,,18/09/2026 20:13
bddfc524-6b28-436a-9221-13c3ff7379dc,arquebus.market,available,44.49,44.49,medium,low,8,namesilo,,,20/09/2026 08:40
103dc619-c39a-4a2a-aa7c-4052e625687b,berith.market,available,46.98,55.98,medium,low,6,namecheap,,,23/09/2026 09:26
af9529b8-91e8-47c3-b575-c13753ef286b,sincerely.market,available,44.49,44.49,high,low,9,namesilo,,,
54a9d92f-1268-4526-90e0-fbf5a97a0228,costate.market,available,44.49,44.49,medium,low,7,namesilo,,,13/08/2026 03:06
447ccf41-9e72-4cdf-b298-43026469ef04,berm.market,available,44.49,44.49,medium,low,4,namesilo,,,23/09/2026 09:41
978d8b9c-b277-49c2-8ad2-0e56c92fff63,semirigid.market,available,44.49,44.49,medium,low,9,namesilo,,,10/09/2026 03:19
4a585dce-9256-4173-9c16-ed57bda8ac75,tiring.market,available,44.49,44.49,medium,low,6,namesilo,,,11/09/2026 16:24
42457833-9ced-467d-a993-5a765567452c,sinners.market,available,44.49,44.49,medium,low,7,namesilo,,,
9b80bffb-e0d8-4d81-95be-d1aedf8f2717,akhenaton.market,available,44.49,44.49,medium,low,9,namesilo,,,17/09/2026 23:57
8cd62100-3733-42ed-8226-af6dafa0d145,development.market,premium,512,512,high,low,11,namesilo,,,23/09/2026 06:51
95b51818-425c-4cc3-a1bf-1fa8e7c2fc17,conference.market,premium,118.8,118.8,high,low,10,namesilo,,,
56049696-8e30-4e6a-ae0b-4ee7b72496b4,ammonite.market,available,44.49,44.49,high,low,8,namesilo,,,18/09/2026 22:08
8353ea59-3bd9-4f35-8efb-a9a7d0293b9f,xxvii.market,available,44.49,44.49,medium,low,5,namesilo,,,
bb5363aa-9402-4913-b8c0-76de849d179d,mcguire.market,available,44.49,44.49,high,low,7,namesilo,,,27/09/2026 08:49
1335ab32-6013-4074-9e7e-04a4cab9344c,lavoisier.market,available,44.49,44.49,medium,low,9,namesilo,,,19/09/2026 15:25
121c09c7-26cb-4b35-88fd-e9c0a32ebd4d,antum.market,available,44.49,44.49,medium,low,5,namesilo,,,19/09/2026 15:47
117aa06f-fc27-47f5-87fe-41f3f797e871,postal.market,resell,,,high,low,6,"DNSPod, Inc.",26/01/2024 15:15,26/01/2027 15:15,26/09/2026 08:16
cb30e5c5-7a56-4fb7-a1d8-5ea5fb87c758,believing.market,available,44.49,44.49,high,low,9,namesilo,,,23/09/2026 05:15
d0bd13b9-80f0-46e1-bf9f-870492772c18,hannukah.market,available,44.49,44.49,medium,low,8,namesilo,,,
5d69a148-7ace-4fd8-8301-9191ba91a509,stria.market,available,44.49,44.49,medium,low,5,namesilo,,,22/09/2026 01:18
095cea64-fa8f-417e-9536-0dadc971a485,arable.market,available,44.49,44.49,medium,low,6,namesilo,,,06/08/2026 11:14
5fdb7e66-1b88-49ea-9eb5-dd659d8197b5,avidity.market,available,46.98,55.98,high,low,7,namecheap,,,21/09/2026 09:28
7c057209-8fcb-4781-95b4-b3dda5de24f7,roomily.market,available,44.49,44.49,medium,low,7,namesilo,,,16/09/2026 00:01
9a5997f9-8184-4ecd-80d6-bce7f3ab9701,frisky.market,available,44.49,44.49,medium,low,6,namesilo,,,18/08/2026 16:02
7281d1d6-3179-4775-a415-b17261cea999,managed.market,available,44.49,44.49,high,low,7,namesilo,,,23/09/2026 07:14
2e993cd6-50b8-491c-9ad6-b540747fb876,marines.market,available,55.98,,high,low,7,namecheap,,,
f0f02e1c-d9d3-490c-a9f9-6f594ba9b2bb,palaver.market,available,44.49,44.49,high,low,7,namesilo,,,23/09/2026 23:26
073e3a86-5103-41ea-b6ee-c2a8be6a13bd,curium.market,available,44.49,44.49,medium,low,6,namesilo,,,21/09/2026 00:13
d5827126-0ae3-4970-9d81-b05ee6a09566,literal.market,available,46.98,55.98,high,low,7,namecheap,,,25/09/2026 13:58
59164131-3350-4e63-9b87-7b5fb96c76da,motors.market,resell,,,medium,low,6,"DNSPod, Inc.",17/06/2023 19:44,17/06/2027 19:44,26/09/2026 07:39
de450551-b36b-49ae-af40-8aea22ca68d1,audiology.market,available,44.49,44.49,medium,low,9,namesilo,,,21/09/2026 02:56
122ed15d-0ead-496c-995f-612ff0d65c89,arabist.market,available,44.49,44.49,medium,low,7,namesilo,,,19/09/2026 23:35
8ac60bca-e7ba-4342-996b-39663686a1e0,breathtaking.market,available,44.49,44.49,high,low,12,namesilo,,,
6bed2d78-d7ef-42b9-aafd-efa418b4e4b5,dicky.market,available,44.49,44.49,medium,low,5,namesilo,,,14/08/2026 06:27
af52f88c-0afb-4849-80d6-c9580b37f84c,katy.market,available,55.98,,high,low,4,namecheap,,,
fffdde05-fc7a-451e-be8b-2eebf75a4766,roadman.market,available,46.98,55.98,medium,low,7,namecheap,,,21/09/2026 18:08
694b7df3-8e0e-4129-a4f3-9327079039cc,apios.market,available,44.49,44.49,medium,low,5,namesilo,,,19/09/2026 17:25
4462b4e7-b8d4-4154-8f13-32a2a62fb975,atole.market,available,44.49,44.49,medium,low,5,namesilo,,,20/09/2026 21:52
cad7be5d-3bf2-41a9-a6ee-7aaeb95ef446,theft.market,available,44.49,44.49,high,low,5,namesilo,,,08/09/2026 07:55
47ba852a-e15d-416b-af38-29139656d1bf,its.market,premium,500,,high,medium,3,name.com,,,
b79c4297-7dc6-4071-ba2a-9f62a16684c6,platoon.market,available,35.39,35.39,high,low,7,spaceship,,,27/09/2026 15:14
89347979-5cc5-40de-9b8b-8cb2ce7c0862,recognize.market,available,44.49,44.49,high,low,9,namesilo,,,27/09/2026 02:43
1dc59564-6e7c-4632-a71e-f3f7c6dbfae8,chilling.market,available,44.49,44.49,medium,low,8,namesilo,,,12/08/2026 05:19
ebd1956b-146a-43b3-b520-31abb38df7e7,aliment.market,available,46.98,55.98,medium,low,7,namecheap,,,18/09/2026 07:56
9c074d23-faee-4594-b35e-8f84b596e754,aphasia.market,available,44.49,44.49,medium,low,7,namesilo,,,19/09/2026 16:53
74935d6d-9ad7-471c-9cd5-5f36466a768b,slippered.market,available,44.49,44.49,medium,low,9,namesilo,,,10/09/2026 10:59
9ab9d07a-146b-412d-bc65-3584ac6b3208,newsworthy.market,available,44.49,44.49,high,low,10,namesilo,,,03/09/2026 16:53
9c1c98bc-ec67-4a8d-88a4-c275730e4807,suitable.market,available,35.39,35.39,high,low,8,spaceship,,,28/09/2026 01:54
00a7ef36-23d5-4425-b356-100c3ca25fc3,warwick.market,available,44.49,44.49,high,low,7,namesilo,,,25/09/2026 05:09
325be0dc-abce-4d80-83a4-873c6a51c19e,chic.market,premium,242,242,high,low,4,namesilo,,,12/08/2026 04:40
adfed2e7-9909-45b3-9320-5de8c6a1bdb2,forty.market,premium,118.8,118.8,high,low,5,namesilo,,,
248e69f6-a27e-475f-8716-918df06138de,amorous.market,available,44.49,44.49,high,low,7,namesilo,,,22/09/2026 03:25
8e7eac6b-cc92-47bd-b35a-3592e26165ce,tate.market,available,46.98,55.98,high,low,4,namecheap,,,18/09/2026 10:50
c7eef6cf-21c0-4416-97d6-6b0ac8961a62,dusk.market,available,46.98,55.98,high,low,4,namecheap,,,11/09/2026 21:39
be7a025d-5123-41a5-a596-a69cf049a99e,valentine.market,available,44.49,44.49,high,low,9,namesilo,,,26/09/2026 00:29
cb74c089-a538-47a3-9197-1226eba83458,amon.market,available,46.98,55.98,high,low,4,namecheap,,,18/09/2026 18:27
e5f279aa-e65f-46bf-8ae3-a9db98a543ab,chirping.market,available,44.49,44.49,high,low,8,namesilo,,,
ca7be65a-0e06-4b7e-882e-5f8f4de67539,abkhazia.market,available,44.49,44.49,medium,low,8,namesilo,,,16/09/2026 16:03
0ac7aa23-3f5a-491b-a651-06fb6f03155e,chapel.market,available,36.6,36.6,high,low,6,dynadot,,,28/09/2026 01:39
a47e052f-d203-40ee-8069-64e2b828c092,patience.market,available,46.98,55.98,high,low,8,namecheap,,,25/09/2026 06:07
f512eae8-12e5-4b31-8c75-58495d4a22fc,catalogue.market,premium,118.8,118.8,high,low,9,namesilo,,,24/09/2026 13:08
22e60128-df99-42a7-98c8-9fc792b614a0,eaten.market,available,44.49,44.49,high,low,5,namesilo,,,
3819c6b2-6ec9-4583-a003-4e43b9718df7,aboral.market,available,44.49,44.49,medium,low,6,namesilo,,,
9157e935-498d-4078-9848-4f232f6420be,fulgid.market,available,44.49,44.49,medium,low,6,namesilo,,,
d0741cb5-9ae7-47cb-a1b0-62b0678d7c63,blackpool.market,premium,118.8,118.8,medium,low,9,namesilo,,,24/09/2026 02:57
23795560-ba81-4c41-83fa-5215a519c456,ackack.market,available,44.49,44.49,medium,low,7,namesilo,,,
6e6fb4d7-6fb0-4c13-80a3-053bb2fd62d5,molar.market,available,44.49,44.49,medium,low,5,namesilo,,,25/08/2026 03:38
f2185876-9c21-4cd6-85e4-0355e4a91855,shy.market,available,44.49,44.49,high,low,3,namesilo,,,27/09/2026 21:35
6871c56d-7667-40fe-a1fe-a7643e8b738f,archangel.market,available,44.49,44.49,high,low,9,namesilo,,,19/09/2026 05:59
b17d43f2-5841-4b28-ab8a-c0af42a67e2f,amity.market,available,44.49,44.49,high,low,5,namesilo,,,18/09/2026 21:57
64d6faba-34be-4a7e-ac0d-673920c1d429,glissando.market,available,44.49,44.49,medium,low,9,namesilo,,,14/09/2026 21:37
a082c9d3-f91c-4a27-9fa3-fbcdb226018d,allegory.market,available,44.49,44.49,high,low,8,namesilo,,,18/09/2026 10:41
b54872b1-19a1-4208-b1ba-77159beb155d,skinless.market,available,44.49,44.49,medium,low,8,namesilo,,,10/09/2026 09:42
d0800cca-6a4e-4245-97a5-bc6bf91ea47b,passes.market,available,44.49,44.49,medium,low,6,namesilo,,,27/09/2026 02:49
26275857-9884-453b-a5dd-e39190a5ff9f,angiology.market,available,44.49,44.49,medium,low,9,namesilo,,,19/09/2026 06:13
7097e13c-baaf-4a78-bfc6-780d5009f13c,splashed.market,available,64.99,64.99,high,low,8,name.com,,,13/08/2026 15:18
0f58216a-2e3a-412d-aaf1-9af2974f5f9b,proportion.market,available,44.49,44.49,high,low,10,namesilo,,,
d6214d52-e6ed-4fe8-960e-26675b724f8c,favoritism.market,available,44.49,44.49,medium,low,10,namesilo,,,24/09/2026 22:35
42853390-6def-4cfe-8b46-0890f7c7cb1a,icelandic.market,available,44.49,44.49,high,low,9,namesilo,,,21/08/2026 17:45
4973b3e0-1560-4386-9051-45a087902837,usage.market,available,44.49,44.49,high,low,5,namesilo,,,24/09/2026 04:06
e68ef291-c5ae-4065-822f-54ea1f16e5dc,corrections.market,available,44.49,44.49,high,low,11,namesilo,,,17/09/2026 22:27
092448c7-e479-4e17-a792-be2d9213bb19,unprepared.market,available,44.49,44.49,medium,low,10,namesilo,,,12/09/2026 17:22
8a712d56-7dbc-4495-a3f8-8c0468bb6d81,atypical.market,available,44.49,44.49,high,low,8,namesilo,,,07/08/2026 16:06
dfe240b1-98da-4e5f-b4af-a025e04659b5,doubting.market,available,44.49,44.49,medium,low,8,namesilo,,,14/08/2026 17:01
5d47c5b2-640f-4001-affe-7564f4d8b6c0,volkswagen.market,available,44.49,44.49,high,low,10,namesilo,,,
b0130410-7753-49cf-be61-923ce455e95b,whenever.market,available,44.49,44.49,medium,low,8,namesilo,,,
bbac349a-ade1-4a17-8ed6-65d25d821946,occidental.market,available,44.49,44.49,medium,low,10,namesilo,,,21/08/2026 07:25
0de0769d-a277-46a2-adcf-4e4bb5fb33ff,impure.market,available,44.49,44.49,medium,low,6,namesilo,,,21/08/2026 23:30
cf035339-6c75-482b-8a04-5e6cbcefbfad,venturous.market,available,64.99,64.99,medium,low,9,name.com,,,13/08/2026 17:49
24dea6bb-4352-4ada-867a-738d776cb361,earhart.market,available,46.98,55.98,medium,low,7,namecheap,,,18/09/2026 18:17
d0debcac-98c1-402b-9060-29196cc17c2b,preceding.market,available,44.49,44.49,medium,low,9,namesilo,,,
e4c145c4-b10a-4a25-aa17-37f162f2d61c,partitioned.market,available,44.49,44.49,low,low,11,namesilo,,,18/09/2026 12:14
70ca8771-c3cf-423d-a08f-877cb3b43580,coeliac.market,available,44.49,44.49,medium,low,7,namesilo,,,12/08/2026 15:21
edf4d132-88e0-4c13-8f90-99b52a010161,antic.market,available,44.49,44.49,high,low,5,namesilo,,,
3686ab7c-55e4-4c2a-be19-6088f34869c5,caloric.market,available,44.49,44.49,medium,low,7,namesilo,,,11/08/2026 15:07
698f82e4-0d46-4776-bd97-9b57f687e2c8,incipient.market,available,44.49,44.49,medium,low,9,namesilo,,,22/08/2026 01:14
ca4fdda1-85f5-495b-8e86-e8079cb82fe2,asthmatic.market,available,44.49,44.49,medium,low,9,namesilo,,,22/09/2026 10:23
1b214426-abed-4226-a81a-61ca12319491,rimed.market,available,44.49,44.49,medium,low,5,namesilo,,,09/09/2026 17:39
9be8de61-ad55-4167-9ceb-372a375ae6df,bronze.market,available,44.49,44.49,high,low,6,namesilo,,,23/09/2026 09:58
09796e40-39ba-48d5-bebb-bd0e25200d10,suppertime.market,available,44.49,44.49,high,low,10,namesilo,,,24/09/2026 22:23
d5cccafc-8dbd-4022-9bc2-a9beeaf4ef38,vesture.market,available,44.49,44.49,medium,low,7,namesilo,,,13/09/2026 09:02
d34d7d59-29b1-4af2-a8f6-fe4338bf5e2b,dose.market,available,44.49,44.49,high,low,4,namesilo,,,25/09/2026 09:32
7810c43f-a1f3-4660-87c1-6bd38aeebfe6,jarvis.market,resell,,,high,medium,6,,,,27/09/2026 01:43
67402c2c-4bb4-45ef-88fb-42fe60c7491b,overseas.market,premium,512,512,high,medium,8,namesilo,,,21/09/2026 14:34
bbaf2406-fa6b-4968-a0a6-c1983d8c2968,chore.market,available,44.49,44.49,high,low,5,namesilo,,,
a1616cb8-9d12-410a-9d5b-4210f6d36ee4,moresque.market,available,44.49,44.49,medium,low,8,namesilo,,,25/08/2026 06:01
d317f8dc-a034-4874-87b2-9b7418ad3914,strips.market,available,44.49,44.49,medium,low,6,namesilo,,,20/09/2026 02:09
bf024a03-6bcd-4f91-9571-9e837aad3f6e,slenderize.market,available,44.49,44.49,medium,low,10,namesilo,,,10/09/2026 10:53
6071c7d6-fc79-4009-9b19-78da2c84ca8a,bionics.market,available,44.49,44.49,high,low,7,namesilo,,,23/09/2026 18:40
92c44326-ec8e-4f26-a513-3450b271bb7e,ape.market,premium,500,500,high,low,3,name.com,,,
271f432f-a449-4c1e-9cf6-aef9c1190604,onslaught.market,available,44.49,44.49,medium,low,9,namesilo,,,21/09/2026 01:06
07ff6605-cf35-4de7-be5e-cb29a1ea7a8c,adultery.market,available,44.49,44.49,medium,low,8,namesilo,,,17/09/2026 10:25
e5dd6f76-ccee-4eee-90f6-b751568b615b,labour.market,premium,3450,3450,high,low,6,namesilo,,,25/09/2026 11:28
5d2dd05a-3b4e-40e2-b5b6-d80f4319bf4d,blitt.market,available,44.49,44.49,medium,low,5,namesilo,,,21/09/2026 14:13
467a258b-e313-4c75-ace8-b0191126b7f3,thorny.market,available,46.98,55.98,medium,low,6,namecheap,,,08/08/2026 17:55
215e54df-785c-46ce-973b-3e2b14b51d72,hosting.market,premium,2587.7,2587.7,high,medium,7,spaceship,,,28/09/2026 02:41
e9684754-eced-47e4-9340-ee8b0e7d4d7c,geodetic.market,available,44.49,44.49,medium,low,8,namesilo,,,18/08/2026 22:21
760d96a1-8fc9-4eca-a634-165cc9b67d66,grandchild.market,available,44.49,44.49,high,low,10,namesilo,,,
d5c2f89a-2a81-44c0-8ecd-9e9f91f4408b,know.market,premium,242,242,high,low,4,namesilo,,,
b27e5abf-6376-4510-8738-3b75faaf6247,pile.market,available,44.49,44.49,high,low,4,namesilo,,,25/08/2026 00:39
24e7a79b-52f3-400b-b068-ab0254952120,suchlike.market,available,44.49,44.49,medium,low,8,namesilo,,,11/09/2026 01:00
2b2b3ad7-cc9a-4936-b4d3-d3e418e49943,resolution.market,available,44.49,44.49,high,low,10,namesilo,,,
aa9a8a0e-1cf3-43c8-a582-ee3c9a358d6b,polyglot.market,available,44.49,44.49,high,low,8,namesilo,,,08/09/2026 23:17
64c74912-7049-4cd3-aaa8-480c5fef6c5e,frizzy.market,available,44.49,44.49,medium,low,6,namesilo,,,18/08/2026 16:08
233a1e8d-4263-4a14-9c67-161df3c51c3d,damage.market,available,44.49,44.49,high,low,6,namesilo,,,25/09/2026 04:36
15301196-5271-40ac-b734-86bda9377317,baraka.market,available,46.98,55.98,high,low,6,namecheap,,,22/09/2026 04:07
b7dc9869-9211-4745-b576-5abd4f7dc47e,shadowed.market,available,44.49,44.49,medium,low,8,namesilo,,,10/09/2026 05:25
211b128e-b021-4504-8786-6bfcd9fdcd1c,deposit.market,premium,520,520,high,low,7,namecheap,,,
98ad0dc0-ab08-4a28-8c45-1e2a466f5c52,coffeemakers.market,premium,520,520,medium,low,12,namecheap,,,21/09/2026 01:27
c09fb7b6-2e37-497d-8ebc-c4b5a9571e1d,accusative.market,available,44.49,44.49,high,low,10,namesilo,,,
1984685e-4fa1-4f07-8495-0449976b867e,economical.market,available,44.49,44.49,high,low,10,namesilo,,,24/09/2026 13:25
c43bfc94-3d1c-472c-be57-3d886ffff623,foundation.market,premium,260,260,high,low,10,namecheap,,,24/09/2026 18:15
541e2763-0f35-48f6-aaa9-2c1741d43e09,slavery.market,available,44.49,44.49,high,low,7,namesilo,,,10/09/2026 10:30
91636d81-1df0-4e40-9048-2591139f4b7f,houghton.market,available,46.98,55.98,medium,low,8,namecheap,,,25/09/2026 23:07
c9b1227f-0738-4ba0-9417-b5afee5ee179,disrepair.market,available,44.49,44.49,medium,low,9,namesilo,,,24/09/2026 23:02
195569c5-85d8-49eb-aeaf-4dcaa278e4ea,degrading.market,available,64.99,64.99,medium,low,9,name.com,,,13/08/2026 20:10
4be8852d-8d95-4a06-977e-b99117c6f8aa,payoff.market,available,44.49,44.49,high,low,7,namesilo,,,
f4c32473-02c7-4601-b7fb-2143ed876222,defiantly.market,available,44.49,44.49,medium,low,9,namesilo,,,14/09/2026 08:33
ed7f67f4-3624-4ac8-8cdf-877ce107283c,servants.market,available,44.49,44.49,medium,low,8,namesilo,,,18/09/2026 01:39
be8e7786-3ebf-4f2f-8cd3-f0726e2a2ee9,dong.market,available,55.98,,high,low,4,namecheap,,,
2028856d-ca08-491b-bf67-a88456509225,athletics.market,premium,128.7,128.7,high,medium,9,namecheap,,,
8c6cb65b-3324-449b-a4dd-9d64588be7e2,barberry.market,available,44.49,44.49,medium,low,8,namesilo,,,22/09/2026 04:51
3760d48f-30fa-41cf-ac40-c28a920267dc,pukka.market,available,44.49,44.49,medium,low,5,namesilo,,,09/09/2026 05:24
7f879b0c-34ea-45eb-afee-cb6dd7cf74c5,wand.market,available,44.49,44.49,high,low,4,namesilo,,,22/09/2026 14:13
331c0050-0fbb-4077-9590-8c43a9e325a8,eliot.market,available,44.49,44.49,high,low,5,namesilo,,,25/09/2026 05:27
2bb39951-2d16-479c-ad56-03364e818282,mussolini.market,available,44.49,44.49,medium,low,9,namesilo,,,23/09/2026 08:12
2c83d1ff-ada2-418b-9829-4e5f044924f4,claremont.market,available,44.49,44.49,high,low,9,namesilo,,,27/09/2026 08:22
e99eba48-2571-433c-aa35-391c7cf4f203,ablution.market,available,44.49,44.49,medium,low,8,namesilo,,,16/09/2026 16:14
668ba628-4e31-4a6a-a7bc-595010450344,endurance.market,available,44.49,44.49,high,low,9,namesilo,,,
5d73cf49-dc8b-4627-a3c0-8715357db6f6,bio.market,premium,1107,1107,high,medium,3,namesilo,,,
d18cf5e1-3473-4040-bb0f-c7a7281586f5,calvinist.market,available,44.49,44.49,medium,low,9,namesilo,,,11/08/2026 15:24
6f60d1e8-4da5-4bc0-872c-d29ae1bd7f55,warn.market,available,44.49,44.49,high,low,4,namesilo,,,28/09/2026 03:18
b81079d4-c179-4c10-a127-f34915005b5f,indoors.market,available,44.49,44.49,high,low,7,namesilo,,,22/08/2026 07:03
36aa0ad8-f7bf-43b2-b609-ddecce451c61,grate.market,available,46.98,55.98,high,low,5,namecheap,,,20/08/2026 18:33
2d18da3d-e2ff-4e33-8004-813bb92a966d,register.market,premium,3450,3450,high,low,8,namesilo,,,25/09/2026 22:07
172db3e0-a36b-4a70-bfcd-b68511de8861,boned.market,available,44.49,44.49,medium,low,5,namesilo,,,10/08/2026 18:34
8f41d592-d0ab-424c-b074-0d918e3cf24b,sabin.market,available,44.49,44.49,medium,low,5,namesilo,,,18/09/2026 02:37
5376ebb0-268f-48b7-b20a-1bf3d6308b81,sterile.market,available,44.49,44.49,high,low,7,namesilo,,,22/09/2026 09:35
4b821b2a-89be-4aa8-be39-d2a2091af8d0,extremist.market,available,46.98,55.98,medium,low,9,namecheap,,,17/08/2026 19:32
15ab73a9-9ba2-4bf2-809b-749ec00dc074,sorbed.market,available,44.49,44.49,medium,low,6,namesilo,,,10/09/2026 14:27
846f6543-f9d2-4b37-92f1-1b0e85aa72cc,sear.market,available,46.98,55.98,medium,low,4,namecheap,,,14/08/2026 19:05
6f998886-fe63-482f-8362-5c76ba98755a,threefold.market,available,44.49,44.49,high,low,9,namesilo,,,14/08/2026 16:42
6f3b6bf8-80b2-4529-80b0-d269cefe09e2,eiffel.market,available,44.49,44.49,medium,low,6,namesilo,,,18/09/2026 05:59
93e0ad38-ef9d-4e12-a096-8addc0f25629,desultory.market,available,44.49,44.49,medium,low,9,namesilo,,,14/08/2026 04:36
837594bd-54b0-4bb2-abc7-0f6567c4e2b3,confines.market,available,44.49,44.49,high,low,8,namesilo,,,24/09/2026 17:13
dff69bd3-1a69-4f4f-b8ff-c0fcc7e526b8,fleecy.market,available,44.49,44.49,medium,low,6,namesilo,,,18/08/2026 07:42
bd722ea2-0c7c-4c3a-8db6-85846249895a,quintet.market,available,44.49,44.49,high,low,7,namesilo,,,
7da5dbea-69bd-459e-aea7-01a6de147d17,dresses.market,premium,128.7,128.7,medium,low,7,namecheap,,,18/09/2026 07:11
a386464a-37c8-45f8-b56d-d614a4f40309,venous.market,available,44.49,44.49,medium,low,6,namesilo,,,13/09/2026 02:10
ed9b6ff5-0d2f-498b-8552-07d08a09ad5f,pleading.market,available,44.49,44.49,medium,low,8,namesilo,,,09/08/2026 15:21
09a047cc-891d-4cb7-a240-fd09add02d01,satellites.market,available,44.49,44.49,medium,low,10,namesilo,,,
a782b92d-0037-4c49-acbb-13ee552e65a4,paying.market,available,44.49,44.49,high,low,6,namesilo,,,24/09/2026 22:11
4966e721-2b21-4c28-afc7-147cd236f1a0,flack.market,available,44.49,44.49,medium,low,5,namesilo,,,
a861e10e-3c30-400d-9422-5716773f4890,snapping.market,available,44.49,44.49,high,low,8,namesilo,,,
63ad55cc-c699-4f7b-b868-2cca161ac44e,changeover.market,available,44.49,44.49,high,low,11,namesilo,,,
6e1c3128-7786-435c-844b-bbbb8996c671,nilpotent.market,available,44.49,44.49,medium,low,9,namesilo,,,03/09/2026 17:28
5e8a29f1-ed1b-4518-a50a-d6349a76a710,heritable.market,available,44.49,44.49,medium,low,9,namesilo,,,21/08/2026 07:08
b5c4470a-39f8-47ba-aa8f-98d96500cfd8,priests.market,available,44.49,44.49,medium,low,7,namesilo,,,18/09/2026 03:38
49602024-50dd-4fff-9651-a94b4ce68da1,thermal.market,available,44.49,44.49,high,low,7,namesilo,,,23/09/2026 12:37
f09069df-4392-497e-942e-11b83af3b496,enrich.market,available,44.49,44.49,high,low,6,namesilo,,,
3fbff044-f325-4d0c-bd8c-aa2794a01d73,blackmail.market,available,46.98,55.98,high,low,9,namecheap,,,24/09/2026 02:52
9462221c-56fb-420c-abc5-88d1f01a8180,ordnance.market,available,44.49,44.49,high,low,8,namesilo,,,20/09/2026 11:44
1e8c5eaa-8f99-4873-b25f-f21c1217b51a,brainless.market,available,44.49,44.49,medium,low,9,namesilo,,,11/08/2026 01:41
cdd0ed03-3e70-4f11-b715-adb46aeda87c,acquired.market,available,44.49,44.49,high,low,8,namesilo,,,
9bb88fbc-2492-463c-b56f-7e124009adee,fellowships.market,available,44.49,44.49,medium,low,11,namesilo,,,21/09/2026 08:52
523481fd-249e-4305-8bac-719f54e85f19,belittling.market,available,44.49,44.49,medium,low,10,namesilo,,,09/08/2026 13:10
d8c66c42-640f-4cbb-bb9e-ccdd462ed68c,stands.market,available,44.49,44.49,medium,low,6,namesilo,,,
9c6705a7-5233-4d1a-ad26-9776f41f2fcf,patterned.market,available,44.49,44.49,medium,low,9,namesilo,,,08/09/2026 10:49
a0405ec7-6818-4990-9427-c12a60a08b47,bedding.market,premium,260,260,high,low,7,namecheap,,,22/09/2026 22:50
c16c4a41-8877-4a0c-9301-899a5122a64d,batik.market,available,44.49,44.49,high,low,5,namesilo,,,22/09/2026 14:02
f1c34241-9fe7-49cd-9ae6-63836ba7c5f1,tangerine.market,premium,118.8,118.8,high,low,9,namesilo,,,11/09/2026 07:55
35c31b66-1a5f-4147-a43e-38da5ad4c184,lister.market,available,44.49,44.49,high,low,6,namesilo,,,22/09/2026 07:14
551d0ea8-fed3-4ff5-921d-e4195a657f31,bank.market,premium,512,512,high,low,4,namesilo,,,24/09/2026 07:00
3491acc1-a648-4634-a22e-f12f4e099832,aug.market,premium,118.8,118.8,high,low,3,namesilo,,,07/08/2026 17:10
2d3b9a05-10b2-4de2-8772-ccb7c79507d0,acervulus.market,available,44.49,44.49,medium,low,9,namesilo,,,16/09/2026 23:44
fc68e107-a7a0-46c1-a6ae-9c4bcdc28708,kfc.market,available,46.98,55.98,high,low,3,namecheap,,,16/09/2026 23:46
c9688b64-03ee-4758-bf77-80c113c2a148,accepted.market,available,44.49,44.49,high,low,8,namesilo,,,21/09/2026 15:25
bb150cfb-d33f-47af-8c03-16894769598e,password.market,available,44.49,44.49,high,low,8,namesilo,,,24/09/2026 18:40
c549272c-c710-4671-95bf-6e34aec5b7d2,denise.market,available,44.49,44.49,medium,low,6,namesilo,,,25/09/2026 14:19
3b326cdb-cc04-4b28-9428-ab419b5ff87c,followed.market,available,44.49,44.49,medium,low,8,namesilo,,,25/09/2026 17:12
41ff3eec-269a-4714-871d-6445dba01ce4,theyre.market,available,44.49,44.49,medium,low,6,namesilo,,,
9050f76d-3fdd-4b0c-b40d-521a90830dad,limo.market,premium,118.8,118.8,high,low,4,namesilo,,,
e29d7d59-a12a-4ea6-8be1-72b44f1b45b4,annaba.market,available,44.49,44.49,medium,low,6,namesilo,,,19/09/2026 10:03
09e5554d-48ef-4a72-b74d-b762167d0c4a,stan.market,premium,500,,high,low,4,name.com,,,
cf11afdc-77e1-492f-852c-bb521232de0b,developed.market,available,44.49,44.49,high,low,9,namesilo,,,24/09/2026 07:51
e7ff2f6b-51cf-475c-80ee-913837a5e479,binnacle.market,available,44.49,44.49,medium,low,8,namesilo,,,23/09/2026 17:36
673172b4-e736-42e2-a07d-e27e1964e2f0,penile.market,available,44.49,44.49,medium,low,6,namesilo,,,08/09/2026 14:21
ef644574-80b5-486d-9a70-056bf0afe2db,devious.market,available,44.49,44.49,medium,low,7,namesilo,,,14/08/2026 05:10
c57bfd94-efa0-476f-a75f-9e70bc89b7fa,cupboards.market,available,44.49,44.49,medium,low,9,namesilo,,,20/09/2026 06:12
00d59238-b6e8-430c-b51a-6dcbdc7d6720,complicate.market,available,44.49,44.49,high,low,10,namesilo,,,08/09/2026 14:25
484f034b-02bd-4166-8fcd-ebcbd8fe77b1,nana.market,available,,,high,low,4,,,,
1b44d198-3b8e-4b2e-b917-47bd93b9448f,napoleonic.market,available,44.49,44.49,medium,low,10,namesilo,,,03/09/2026 13:00
b3a3f5b7-3126-4d6d-b436-bb621c45538e,sickness.market,available,44.49,44.49,high,low,8,namesilo,,,27/09/2026 04:31
340b0bcb-00b3-409e-aada-5e46f033cd22,organizations.market,premium,118.8,118.8,medium,low,13,namesilo,,,
5602e8be-99ce-4d34-8b81-16a171aef96d,clastic.market,available,44.49,44.49,medium,low,7,namesilo,,,12/08/2026 09:56
6915939f-0597-4cf4-bd4e-306d5c363aa7,hell.market,resell,,,high,low,4,"Chengdu West Dimension Digital Technology Co., Ltd.",08/06/2022 13:15,08/06/2027 13:15,26/09/2026 06:38
8c325916-a222-42c0-9c50-53b801da0070,specific.market,premium,118.8,118.8,high,low,8,namesilo,,,27/09/2026 02:45
9a481ab5-83ba-4a45-9778-e4831f0b716a,anthracite.market,available,44.49,44.49,medium,low,10,namesilo,,,19/09/2026 13:48
3f04d659-38c7-438b-84e8-9b6449fc27bd,attempted.market,available,44.49,44.49,medium,low,9,namesilo,,,07/08/2026 15:12
1af9ac54-6fb6-4575-8248-09bed1cf9232,telluric.market,available,44.49,44.49,medium,low,8,namesilo,,,11/09/2026 10:39
d70dc6d7-451c-42dd-9905-4949d619809d,carpet.market,premium,242,242,high,low,6,namesilo,,,
c9b53e01-eb8c-41e0-a74b-cdf023612d0c,cannibal.market,available,46.98,55.98,medium,low,8,namecheap,,,19/09/2026 13:56
1e7917da-4110-4030-82bd-07ca9b31b4dd,macmillan.market,available,44.49,44.49,high,low,9,namesilo,,,25/09/2026 12:59
0e63980c-b7c1-4fc1-8641-7e1403e4fe99,tornados.market,available,46.98,55.98,medium,low,8,namecheap,,,16/09/2026 14:12
0745ed65-f3b7-4449-ac98-c2559c40c186,middle.market,premium,520,520,high,low,6,namecheap,,,23/09/2026 13:24
f4ae3c90-a37e-4d0a-a7b5-6cbaafcf16aa,firmly.market,available,44.49,44.49,high,low,6,namesilo,,,19/09/2026 17:07
4505dfed-bca5-4300-82ee-79b01757beaa,dogmatism.market,available,44.49,44.49,medium,low,9,namesilo,,,23/09/2026 15:23
bc53b730-455a-46d9-83bf-9f7197be5a40,agrostemma.market,available,46.98,55.98,medium,low,10,namecheap,,,17/09/2026 19:51
b0238090-730d-42ed-b0c7-08bda96d1274,aurochs.market,available,44.49,44.49,medium,low,7,namesilo,,,21/09/2026 04:34
7f8b1c4a-85ea-496d-bf7d-47ddd23e5daa,grudging.market,available,46.98,55.98,medium,low,8,namecheap,,,20/08/2026 20:31
0eee3a24-d632-4368-9665-67dad5277664,minimums.market,available,44.49,44.49,medium,low,8,namesilo,,,20/09/2026 08:36
cab2c205-0d97-43ca-ad87-13d8c6c31697,arikara.market,available,44.49,44.49,high,low,7,namesilo,,,20/09/2026 05:16
b8045333-5695-4109-9890-d2c9225010d9,quotes.market,premium,260,260,high,low,6,namecheap,,,18/09/2026 21:27
7f6a522d-f4d3-4888-b321-69710d3b40fc,esthesis.market,available,46.98,55.98,low,low,8,namecheap,,,17/09/2026 13:28
cfc907eb-ca87-4cf2-95f5-80c87cd1831f,wolff.market,available,46.98,55.98,high,low,5,namecheap,,,25/09/2026 23:22
fd9590fd-5e2a-43eb-bed4-ff341331ab3a,neutered.market,available,44.49,44.49,medium,low,8,namesilo,,,03/09/2026 16:35
cbb167b8-13b5-47bb-be25-d23f1b93a2b8,maximising.market,available,46.98,55.98,medium,low,10,namecheap,,,24/08/2026 17:58
214250f6-d6c5-4db1-bd3c-66202f8e2b6c,erotically.market,available,44.49,44.49,medium,low,10,namesilo,,,14/09/2026 15:58
8113e789-bf34-4a0c-be67-c83408dcc7f7,maxilla.market,available,46.98,55.98,medium,low,7,namecheap,,,24/08/2026 17:52
007df413-d131-42fb-9948-14b43e537440,miffed.market,available,,,medium,low,6,,,,
26c0fe4d-53e8-484c-af39-d5ff6abdc702,strings.market,available,44.49,44.49,high,low,7,namesilo,,,27/09/2026 05:33
5059fe96-7de4-4373-98a2-9eff8118235f,staid.market,available,44.49,44.49,medium,low,5,namesilo,,,10/09/2026 01:34
b834937d-1906-4067-9b89-32ddfa5fb27f,upon.market,available,44.49,44.49,high,low,4,namesilo,,,27/09/2026 11:32
45979384-8f78-42ff-a7a2-91c33fb9826a,crinkly.market,available,44.49,44.49,medium,low,7,namesilo,,,13/08/2026 06:51
5d06f1f6-7354-4d70-aeeb-5229a2200bee,cockup.market,available,46.98,55.98,medium,low,6,namecheap,,,21/09/2026 23:29
dd586b6d-3aca-437d-8e88-944e08a52789,spotlessly.market,available,44.49,44.49,medium,low,10,namesilo,,,16/09/2026 06:37
c5306f0c-6c54-4b48-8240-40338aa2009c,razorback.market,available,44.49,44.49,medium,low,9,namesilo,,,09/09/2026 10:48
f8c12bce-c3d7-4225-9609-dacad4fd590a,vindictive.market,available,44.49,44.49,medium,low,10,namesilo,,,14/08/2026 04:21
9b26ff12-8965-4a25-9e6f-1155c882d4e4,untucked.market,available,44.49,44.49,low,low,8,namesilo,,,12/09/2026 21:50
7b9536dd-1cce-4209-81f2-558c417a0daa,same.market,available,36.6,36.6,high,low,4,dynadot,,,27/09/2026 17:53
faa12c8d-807a-4ffc-ae38-041c0906a1eb,cops.market,available,44.49,44.49,high,low,4,namesilo,,,18/09/2026 22:05
9be8dc89-c22f-4b37-8e95-068c42f66adc,arguably.market,available,46.98,55.98,medium,low,8,namecheap,,,13/09/2026 20:45
755c3c33-7520-4422-868d-bf0d11820de8,catechu.market,available,46.98,55.98,medium,low,7,namecheap,,,16/09/2026 20:04
c8c3fda7-d444-4bb5-b100-df3f25b0c04b,buttermilk.market,available,46.98,55.98,high,low,10,namecheap,,,24/09/2026 11:20
7f000d05-1dc9-4480-bf17-213b5e9cef55,cashew.market,available,44.49,44.49,high,low,6,namesilo,,,19/09/2026 01:00
4e6ec6ba-4539-4543-b849-ef4c0c6ab2e3,superhero.market,available,46.98,55.98,high,low,9,namecheap,,,16/09/2026 20:24
df4cd6cd-6cd3-47ae-b457-f5717118a2c3,francium.market,available,46.98,55.98,medium,low,8,namecheap,,,20/09/2026 23:59
f327b1f9-d958-4d23-ad11-cbca89ae71e1,uttermost.market,available,44.49,44.49,high,low,9,namesilo,,,17/08/2026 22:44
a16dd62f-4c1a-45ed-bdbe-547ad13cfd5d,aachen.market,available,44.49,44.49,medium,low,6,namesilo,,,16/09/2026 13:08
1fe5f0db-338b-4584-b8e2-44f682d34ffc,evenly.market,available,44.49,44.49,medium,low,6,namesilo,,,14/09/2026 16:30
7b225789-f2c6-41e8-b6d6-81651137abbd,incarnate.market,available,44.49,44.49,high,low,9,namesilo,,,16/08/2026 09:36
aa61d427-fbc2-47cf-b1a2-34888ed614a0,baric.market,available,44.49,44.49,low,low,5,namesilo,,,08/08/2026 19:31
71833e4c-56cd-4dcc-85c0-9dd94505791f,canceled.market,available,34.2,34.2,medium,low,8,cloudflare,,,27/09/2026 22:41
5fb9fabb-640f-41c2-8076-e1442f36c4bb,tips.market,premium,512,512,high,low,4,namesilo,,,19/09/2026 17:44
7b3ce0de-28e6-421c-ab70-d388fa373e7f,biomedical.market,available,44.49,44.49,high,low,10,namesilo,,,10/08/2026 02:15
959b190a-726c-458b-a920-c4bcc5f70d6a,abusive.market,available,44.49,44.49,medium,low,7,namesilo,,,
c51948ef-d2b9-4496-b0f2-fc8b84ee93c2,poured.market,available,44.49,44.49,medium,low,6,namesilo,,,18/09/2026 02:28
b18b1d2c-d202-4421-9922-4dbc3baa80b4,antipope.market,available,46.98,55.98,medium,low,8,namecheap,,,19/09/2026 15:00
75271466-5f52-45f2-bc87-9929c76431c9,sporty.market,available,44.49,44.49,high,low,6,namesilo,,,10/09/2026 16:35
35048154-a207-4b40-8dcf-44962a20d469,execution.market,available,,,high,low,9,,,,
09d09128-061d-4eed-8839-889d34616bcf,operose.market,available,44.49,44.49,medium,low,7,namesilo,,,06/08/2026 17:05
bee5056c-8184-403c-9879-3e10f91c0427,dominate.market,premium,242,242,high,low,8,namesilo,,,16/09/2026 01:33
90bb9e1f-7140-4254-89c4-76e4af533965,gabonese.market,available,46.98,55.98,medium,low,8,namecheap,,,18/08/2026 19:24
ea220873-c5e7-400b-bd2b-b391421b4b19,ismaili.market,available,44.49,44.49,high,low,7,namesilo,,,22/08/2026 10:53
087510ec-0d2b-4711-adaa-a49bd69a2be7,ocellated.market,available,44.49,44.49,medium,low,9,namesilo,,,04/09/2026 00:29
c4c41171-9054-403a-9a55-3fb91ab5cf5e,finer.market,available,44.49,44.49,high,low,5,namesilo,,,18/08/2026 04:49
61f21d14-5b86-4a61-88c1-0a796806ac32,soigne.market,available,44.49,44.49,medium,low,6,namesilo,,,10/09/2026 13:28
0e71bb5b-d19c-4bb0-aa22-94a08e547be6,chocolates.market,available,44.49,44.49,high,low,10,namesilo,,,20/09/2026 08:51
dbc4fd0e-49ab-431f-b776-ef90372b4960,aggression.market,available,44.49,44.49,medium,low,10,namesilo,,,17/09/2026 17:29
cb7300e5-ed73-4ae7-ba80-d29209b77512,stoppage.market,available,44.49,44.49,medium,low,8,namesilo,,,20/08/2026 22:57
f33d007c-7b96-4763-8f8a-5e39961783ac,brainwaves.market,available,46.98,55.98,medium,low,10,namecheap,,,20/09/2026 12:58
ca7ccf76-9923-4048-83be-1fefc5c18a40,alopex.market,available,44.49,44.49,medium,low,6,namesilo,,,18/09/2026 13:19
628ec37a-20b1-47a1-a60c-e99728fa23ca,ampulla.market,available,44.49,44.49,medium,low,7,namesilo,,,18/09/2026 23:51
9d31993b-acca-4c72-96f6-bc3e96e2c57b,mls.market,premium,102.67,102.67,high,low,3,spaceship,,,28/09/2026 02:21
174a1b4d-f66a-4e9d-96c0-735e4d85d2c5,illusion.market,available,44.49,44.49,high,low,8,namesilo,,,24/09/2026 16:35
b099a44e-3516-4924-ab96-e77462d4b04b,lasting.market,available,44.49,44.49,high,low,7,namesilo,,,24/09/2026 12:31
4c447754-6539-41f6-8e6b-b8e671257a11,emi.market,premium,512,512,high,low,3,namesilo,,,27/09/2026 10:37
82e486f3-83f3-4987-931d-dd858e91fe44,plaguey.market,available,44.49,44.49,medium,low,7,namesilo,,,
0e2c28b9-9d29-4842-8b77-2abf71c42cae,heartbeat.market,available,44.49,44.49,high,low,9,namesilo,,,22/08/2026 07:28
3381cbbd-eeac-4489-98ba-dd30bd2b2d63,lisbon.market,premium,118.8,118.8,high,low,6,namesilo,,,
be10dc92-a7ac-4963-814a-d98feb6c27a1,opera.market,premium,260,260,high,low,5,namecheap,,,25/09/2026 02:37
fec243c1-2f2c-4226-a6ad-6a3757f06d60,ceaseless.market,available,44.49,44.49,medium,low,9,namesilo,,,11/08/2026 23:01
82546c91-4ee6-4891-b869-d9c9f235e849,preparing.market,available,44.49,44.49,high,low,9,namesilo,,,27/09/2026 06:40
e7facc56-fe02-4abc-b004-683611487d79,gestural.market,available,44.49,44.49,medium,low,8,namesilo,,,18/08/2026 22:57
d166c2c1-573e-41e3-9de4-d46ce63d38d3,ameba.market,available,44.49,44.49,medium,low,5,namesilo,,,18/09/2026 17:40
590c5ff3-473f-4993-8bcb-d8a7e42452b0,karachi.market,available,35.39,35.39,high,low,7,spaceship,,,28/09/2026 02:13
90e92fd0-fedd-44c3-9624-c54644b163ff,deliver.market,available,44.49,44.49,high,low,7,namesilo,,,
241e1cfb-860a-4dc5-b176-eb7f44ca8fbe,quash.market,available,44.49,44.49,medium,low,5,namesilo,,,13/09/2026 06:42
ac131003-a8b0-4154-8b91-d70a950295b0,rehearsal.market,available,44.49,44.49,high,low,9,namesilo,,,27/09/2026 03:47
8d936c4d-cd5c-4daa-99a3-12d1c16b2e77,panther.market,resell,,,high,low,7,"Xiamen ChinaSource Internet Service Co., Ltd",21/03/2022 17:00,21/03/2027 17:00,26/09/2026 08:01
c0a7c0a0-965d-4551-b894-4d7e13feeb31,nestling.market,available,44.49,44.49,high,low,8,namesilo,,,25/08/2026 00:18
b3f6c3b7-5e48-4478-80cd-56418229e432,diversity.market,available,44.49,44.49,high,low,9,namesilo,,,
0bac6388-f8ea-4985-af47-a8fa0491b57c,nosy.market,available,44.49,44.49,medium,low,4,namesilo,,,03/09/2026 21:48
5ccf1287-74d6-4b5b-96ad-9c9d7136a6e6,anasazi.market,available,44.49,44.49,medium,low,7,namesilo,,,19/09/2026 03:16
95244ce0-3982-42c1-8544-524239ee548f,lagger.market,available,44.49,44.49,medium,low,6,namesilo,,,22/08/2026 18:42
d2721718-794a-462c-a32c-6b9b1e7e3955,fiduciary.market,available,44.49,44.49,high,low,9,namesilo,,,18/08/2026 03:39
c68537ce-db46-40c0-b939-549b0763117d,bilberry.market,available,44.49,44.49,medium,low,8,namesilo,,,23/09/2026 15:37
63b5f55d-0776-4783-b11c-99dd7dc4cd28,archeology.market,available,44.49,44.49,medium,low,10,namesilo,,,20/09/2026 01:43
131572cf-e858-46d3-8ab4-6e861bd6ebf4,algid.market,available,44.49,44.49,medium,low,5,namesilo,,,
cb203d9a-d1ef-48ec-8991-6fe9d935741a,asphyxia.market,available,44.49,44.49,medium,low,8,namesilo,,,20/09/2026 15:10
c079f475-5604-4bc1-87e0-8aa275e5b3ad,stopped.market,available,34.2,34.2,high,low,7,cloudflare,,,28/09/2026 01:05
6be85da6-2f14-4823-b04f-3128a0b04507,appointed.market,available,44.49,44.49,medium,low,9,namesilo,,,06/08/2026 07:21
4acc71a4-d247-4f5f-a593-41e461fc1934,somesing.market,available,55.98,,medium,low,8,namecheap,,,
ddd8f225-d9b5-4382-bd71-079f43cac6c7,corpulence.market,available,44.49,44.49,medium,low,10,namesilo,,,04/09/2026 22:00
820b0ae8-3298-4ad1-8d4f-fdac568edaeb,anglophobe.market,available,46.98,55.98,medium,low,10,namecheap,,,19/09/2026 06:55
e81586de-8032-4e3d-aa5f-1e78f9f0e128,roman.market,available,44.49,44.49,high,low,5,namesilo,,,27/09/2026 02:43
f99bae31-04b2-4adc-b841-c5b3ad787391,centesimal.market,available,44.49,44.49,medium,low,10,namesilo,,,
5b6ca14b-aa4b-451b-b014-b53877b5f900,lxxxii.market,available,44.49,44.49,medium,low,6,namesilo,,,
b942c2cc-7e21-46fc-936a-5c530644820e,rigged.market,available,44.49,44.49,medium,low,6,namesilo,,,09/09/2026 17:25
ccc28b04-fbd9-4b9a-a535-9685d7dd362f,liz.market,premium,118.8,118.8,high,low,3,namesilo,,,25/09/2026 14:24
8d52de3b-f40a-47e2-b70d-aea52b37d0aa,hyaloid.market,available,44.49,44.49,medium,low,7,namesilo,,,21/08/2026 16:08
45d8ee4e-3b8d-41d9-804f-6355add741b2,parental.market,available,44.49,44.49,high,low,8,namesilo,,,08/09/2026 01:14
fe312005-9ebd-45f5-89b3-7d1e20f24a55,arapaho.market,available,44.49,44.49,medium,low,7,namesilo,,,20/09/2026 00:08
3fb0df41-4ca8-46cf-9105-d5b827a8f27b,portend.market,available,44.49,44.49,medium,low,7,namesilo,,,21/09/2026 03:29
c0fd544d-dde4-4a96-be5e-674e47c3716e,prying.market,available,44.49,44.49,medium,low,6,namesilo,,,03/09/2026 21:52
943d19aa-18f1-409d-a53e-b277869d502d,formative.market,available,44.49,44.49,high,low,9,namesilo,,,18/08/2026 12:07
e00d8e3d-2dac-4114-9f94-bf9f3bb55a0b,robin.market,available,44.49,44.49,high,low,5,namesilo,,,
e2fd480a-91c7-44ae-a1ec-134112ac30be,xxiii.market,available,44.49,44.49,medium,low,5,namesilo,,,
a1373ea1-d85c-4668-9d30-cb6efe05ac64,botanical.market,available,44.49,44.49,high,low,9,namesilo,,,10/08/2026 20:47
b44c7b25-c7ef-4787-8988-633ab39fc658,precast.market,available,44.49,44.49,high,low,7,namesilo,,,16/09/2026 01:12
0fdf1800-7897-4456-9dc5-a07e2909c703,buster.market,available,44.49,44.49,high,low,6,namesilo,,,
bf197079-8343-4fd1-bc8b-783bc6c89d71,fabricated.market,available,46.98,55.98,high,low,10,namecheap,,,17/08/2026 20:15
e0edc112-3796-4e91-8684-d4ce537f0b7a,expedition.market,available,44.49,44.49,high,low,10,namesilo,,,25/09/2026 09:51
2c5714d3-f212-4a4b-8a3f-46a96d35cbc1,disability.market,available,44.49,44.49,high,low,10,namesilo,,,24/09/2026 22:26
e1dcfe07-7194-4153-aab3-22e58674bda9,blogs.market,premium,242,242,medium,low,5,namesilo,,,20/09/2026 05:52
90105379-90ea-4e6e-89ad-09a5c7ba3a66,february.market,available,44.49,44.49,high,low,8,namesilo,,,
18d57f54-cba0-40c5-a379-b12697766d52,disconnect.market,available,44.49,44.49,high,low,10,namesilo,,,
ab95e76c-dbd8-4ce9-afe3-39b62019a6f5,mistress.market,available,34.2,34.2,high,low,8,cloudflare,,,27/09/2026 14:35
c39fb086-88e2-4d62-b5ff-89b1f3a37538,potassium.market,available,44.49,44.49,high,low,9,namesilo,,,20/09/2026 22:30
9ff08217-bc86-43c9-8122-5b024671a20c,frederic.market,available,44.49,44.49,high,low,8,namesilo,,,25/09/2026 15:15
bf5b0bcc-18eb-40e7-8152-1cb4feacfe81,categorically.market,available,44.49,44.49,medium,low,13,namesilo,,,
d85138bf-c09c-42a3-9540-485ca63227b0,blowhard.market,available,44.49,44.49,medium,low,8,namesilo,,,11/08/2026 01:19
b34e7961-59a3-4be8-b7fb-ad61b97746b2,racine.market,available,44.49,44.49,high,low,6,namesilo,,,28/09/2026 02:12
3650d2db-ca77-4af2-b1ae-0e8231e9f877,laboured.market,available,44.49,44.49,medium,low,8,namesilo,,,22/08/2026 17:40
69fc922e-6d30-43d1-86d3-8415347ea7a4,mixture.market,available,46.98,55.98,high,low,7,namecheap,,,25/09/2026 21:57
28ed9055-5cc4-4290-a0ce-1dac32f2ecf6,lawyers.market,premium,260,260,medium,low,7,namecheap,,,25/09/2026 20:58
ffac87ae-34f6-4845-a757-af4c7094e14c,bot.market,resell,,,high,medium,3,"GoDaddy.com, LLC",25/02/2026 16:12,25/02/2027 16:12,26/09/2026 04:33
084de714-d5f1-4ff3-ab38-53e9796207e9,postbox.market,available,44.49,44.49,high,low,8,namesilo,,,
11ff3017-3f15-4065-bcb6-a9a7ec9195f9,kitschy.market,available,44.49,44.49,medium,low,7,namesilo,,,09/08/2026 00:53
732d42ae-5c3e-4094-ab27-a77137d480b7,arsenic.market,available,46.98,55.98,medium,low,7,namecheap,,,13/09/2026 21:07
70e50f7a-db44-4b81-97d3-4426acaea790,picking.market,available,46.98,55.98,high,low,7,namecheap,,,25/09/2026 09:58
a3499cd0-2013-463b-a531-727b35988390,indate.market,available,44.49,44.49,medium,low,7,namesilo,,,
d29c4dd0-c095-4765-a766-df523dd114c9,dumas.market,available,44.49,44.49,medium,low,5,namesilo,,,18/09/2026 05:57
3c563ea9-b9a5-4865-890d-bea31bd9eb76,moran.market,available,44.49,44.49,high,low,5,namesilo,,,25/09/2026 14:09
4d710818-f30f-4967-a8b2-74a912e3e82a,judicial.market,available,44.49,44.49,high,low,8,namesilo,,,22/08/2026 14:14
5e719d71-a870-4ef9-9f50-3ffe0e0675ee,betrayed.market,available,44.49,44.49,medium,low,8,namesilo,,,26/09/2026 03:08
77a06c12-9a0e-40b7-a3b0-9e4300898f37,freak.market,available,44.49,44.49,high,low,5,namesilo,,,17/09/2026 06:50
7dec2685-f94a-4ee1-a25f-b146f64e492f,localized.market,available,44.49,44.49,high,low,9,namesilo,,,24/08/2026 08:45
f384d729-1faa-41b0-a0ed-4166b2bc7a60,transfixed.market,available,44.49,44.49,medium,low,10,namesilo,,,17/08/2026 22:56
a7e85634-c977-4307-9c8c-b3b06e3d4ce0,lament.market,available,44.49,44.49,medium,low,6,namesilo,,,22/08/2026 15:25
2673fb57-1c78-48ec-bfb8-3613fe406c56,greased.market,available,46.98,55.98,medium,low,7,namecheap,,,20/08/2026 19:33
e69e4c0c-5c69-410a-8b24-b08ad336fa08,enjoy.market,available,,,high,medium,5,,,,
cad4b2f1-d214-4a64-ac81-c86982ebf334,slipstream.market,available,44.49,44.49,high,low,10,namesilo,,,21/09/2026 16:20
3b153ec6-607a-4f76-a16d-b21e64e180cc,wedged.market,available,44.49,44.49,medium,low,6,namesilo,,,21/08/2026 21:38
4da80af5-fade-41d9-825e-5c4e9bf7654a,sister.market,available,46.98,55.98,high,low,6,namecheap,,,26/09/2026 00:18
aec5ea4d-2a4a-4268-b985-826c1e43c0e7,bro.market,resell,,,high,low,3,"Chengdu West Dimension Digital Technology Co., Ltd.",24/01/2025 21:01,24/01/2027 21:01,26/09/2026 04:38
a47f9642-8667-420b-b2eb-b01f64bf742f,surfer.market,premium,123.75,,high,low,6,name.com,,,
c637fe26-12bd-498e-a0d6-0c66eebfc940,grouchy.market,available,44.49,44.49,medium,low,7,namesilo,,,08/08/2026 07:52
7536b8d5-6752-4e62-ad2b-f3bb45fb9990,laughter.market,available,44.49,44.49,high,low,8,namesilo,,,
6f2dba34-b27e-41a4-93b0-fe45337f6214,brooke.market,available,44.49,44.49,high,low,6,namesilo,,,25/09/2026 02:29
d7b510ca-47f2-4756-94d5-765dce99a8e0,daring.market,available,44.49,44.49,high,low,6,namesilo,,,07/08/2026 21:39
56766856-3ada-4477-a709-03da7601f206,allergist.market,available,44.49,44.49,medium,low,9,namesilo,,,
dc66cbe1-100a-4756-bbd5-68abc5aa81b6,scorn.market,available,46.98,55.98,medium,low,5,namecheap,,,24/09/2026 17:41
b515f688-c9ad-462f-8617-42cab2adcccc,videos.market,premium,512,512,medium,low,6,namesilo,,,25/09/2026 06:20
20ee0879-8aeb-4443-bf00-c5e0eb4e1d4c,glued.market,available,44.49,44.49,high,low,5,namesilo,,,20/08/2026 15:12
329eb121-09b4-449d-a6e5-555193aa7d22,ruthenium.market,available,44.49,44.49,medium,low,9,namesilo,,,20/09/2026 23:08
6d0c6a0a-4c1a-454c-af38-2592160baa25,ecru.market,available,44.49,44.49,medium,low,4,namesilo,,,09/08/2026 12:26
49cd7c11-891f-48c7-b06c-6d3f2b1dcfe0,durer.market,available,44.49,44.49,medium,low,5,namesilo,,,18/09/2026 03:18
a6511369-0054-4acd-a184-6c29d21a600a,arrays.market,available,44.49,44.49,medium,low,6,namesilo,,,20/09/2026 09:17
7ba6af0c-eb8d-4f3e-a744-91ef25cf3537,amaretto.market,available,44.49,44.49,high,low,8,namesilo,,,18/09/2026 15:58
67dc5660-e7f1-4166-909d-e22d19fdaf58,bronchial.market,available,44.49,44.49,medium,low,9,namesilo,,,11/08/2026 05:35
a8ba2f6e-b2a6-46c4-884a-78afd0bc4377,choked.market,available,44.49,44.49,medium,low,6,namesilo,,,12/08/2026 06:39
d5707fa7-7ceb-44c8-a788-31703a176c73,improved.market,available,44.49,44.49,high,low,8,namesilo,,,21/08/2026 23:15
655f073b-c6dd-4801-ab3a-d5f48b8a3c65,pinwheel.market,available,46.98,55.98,high,low,8,namecheap,,,17/09/2026 12:41
0c4971d4-3715-4e85-a179-bb246b2202f8,benzedrine.market,available,44.49,44.49,medium,low,10,namesilo,,,23/09/2026 08:31
6bf969c4-53e1-4c5f-bdbf-d5a21830aff7,laconic.market,available,46.98,55.98,medium,low,7,namecheap,,,22/08/2026 18:14
2fac42bf-f388-4913-8b07-e341472535dd,okra.market,premium,118.8,118.8,high,low,4,namesilo,,,16/09/2026 15:04
4ee8016b-28b9-4220-9dae-cb06af77f2d3,tranquil.market,available,44.49,44.49,high,low,8,namesilo,,,11/08/2026 14:53
0da0560c-0cd9-4adf-bba5-d60542ccbdc4,spry.market,available,44.49,44.49,high,low,4,namesilo,,,
700125c2-41e9-45c5-adcc-19eea8ccc840,couple.market,available,44.49,44.49,high,low,6,namesilo,,,
977ed95e-0344-4e8e-93f7-2d1ca915efb2,askance.market,available,44.49,44.49,medium,low,7,namesilo,,,07/08/2026 02:56
1a7097c0-a5af-48f5-bca7-7dd597ce756e,baseplate.market,available,44.49,44.49,medium,low,10,namesilo,,,
8ab4da08-b6cf-4e5a-87fe-0fc77ea462b3,meeting.market,premium,854,854,high,low,7,namesilo,,,24/08/2026 20:45
4f8d5978-9046-4f99-8f10-718ca8240181,puddle.market,available,44.49,44.49,high,low,6,namesilo,,,13/09/2026 09:43
d2600bf6-55d4-41dd-b429-20ad440ce108,capable.market,available,46.98,55.98,high,low,7,namecheap,,,21/09/2026 18:33
c6fb3651-a5c0-41be-9671-d02656669958,bigamist.market,available,44.49,44.49,medium,low,8,namesilo,,,23/09/2026 15:02
11fa54b2-5e40-4bcd-8a4b-db07b6c28d9a,remembrances.market,available,44.49,44.49,medium,low,12,namesilo,,,19/09/2026 23:41
fcd11e2c-af31-4bc8-8d71-10bfa5f74d57,crummy.market,available,44.49,44.49,medium,low,6,namesilo,,,11/08/2026 09:02
eda7570f-ce18-4e52-9aed-2e2830d8f6de,dusty.market,available,44.49,44.49,medium,low,5,namesilo,,,14/08/2026 21:35
191619da-2ddd-49c6-912f-f43dd53db3df,tannic.market,available,44.49,44.49,medium,low,6,namesilo,,,11/09/2026 08:01
9cca9748-c08f-4051-bacc-10339c121b82,eolian.market,available,44.49,44.49,medium,low,6,namesilo,,,
0449d7ff-340a-4c9c-a4ce-05a29ceabc0b,stephens.market,available,46.98,55.98,high,low,8,namecheap,,,25/09/2026 15:57
e3775aba-340b-4def-be20-0f005439ae41,landing.market,available,44.49,44.49,high,low,7,namesilo,,,
75febb29-c5a6-459f-a2f6-2af3abdfacbd,anesthetic.market,available,44.49,44.49,medium,low,10,namesilo,,,
35be5b39-60ce-4229-a359-66fe12ab17f9,nitrogen.market,available,64.99,64.99,high,low,8,name.com,,,20/09/2026 23:37
57d722b8-50b5-40d7-b3c8-5adaeb02a4b6,kilogram.market,available,44.49,44.49,high,low,8,namesilo,,,